,,,,,,,,
Seniūnija,Kaimai,Savaitės diena,Sausio,Vasario,Kovo,Balandžio,Gegužės,Birželio
Avižienių,Aleksandravas,Ketvirtadienis,"8 d., 22 d.","5 d., 19 d.","5 d., 19 d.","2 d., 16 d., 30 d.","14 d., 28 d.","11 d., 25 d."
Avižienių,Aukštadvaris,Ketvirtadienis,"8 d., 22 d.","5 d., 19 d.","5 d., 19 d.","2 d., 16 d., 30 d.","14 d., 28 d.","11 d., 25 d."
Avižienių,Aukštieji Rusokai,Ketvirtadienis,"8 d., 22 d.","5 d., 19 d.","5 d., 19 d.","2 d., 16 d., 30 d.","14 d., 28 d.","11 d., 25 d."
Avižienių,"Avižieniai (Akacijų aklg., Avižų g., Ąžuolų g., Baseino g., Braškyno g., Darželio g., Gabijos g., Gailašių g., Gajos g., Gegliškių g., Gerovės g., Gėlių g., Gilužio g., Kalno g., Kardelių g., Kaštonų g.,Kelpių g., Klevų g., Laurų g., Liepų g., Lubinų g., Mechanizatorių g., Miško g., Naujoji g., Parko g., Pavasario g., Perkūno g., Plukių g., Rožių g., Rytmečio g., Ryto g., Senoji g., Skandinavijos al., Slyvų g., Smilgų g., Sodų g., Stebuklų g., Šaltinio g., Tylioji g., Tujų g., Tulpių g., Upelio g., Vaikystės g., Žiburių g., Žirgupės g.)",Antradienis,"13 d., 27 d.","10 d., 24 d.","10 d., 24 d.","7 d., 21 d.","5 d., 19 d.","2 d., 16 d., 30 d."
Avižienių,"Avižieniai (Durpių g., Ožiaraičių g., Saulės g., Svajonių g., Riešutų g.)",Trečiadienis,"14 d., 28 d.","11 d., 25 d.","11 d., 25 d.","8 d., 22 d.","6 d., 20 d.","3 d., 17 d."
Avižienių,"Bajorai ( Aguonų g., Bajorų g., J.K. Chodkevičiaus g., Lapių g., Lietaus g., Kadagių g., Kedrų g., Pušyno g., Riaubonių g., Ramioji g., Rūko g., Siauroji g., Smėlio g., Šaulio g., Šaulio tak., Ugnies g., Vandenio g., Vilties g.)",Trečiadienis,"7 d., 21 d.","4 d., 18 d.","4 d., 18 d.","1 d., 15 d., 29 d.","13 d., 27 d.","10 d., 24 d."
Avižienių,"Bajorai ( Astrų g., A.J. Greimo g., Draustinio g., Čiobrelių g., Jazminų g., Jurginų g., Liepų g., Levandų g., Mėtų g., Melisų g. Pipirmėčių g. Ramunėlių g., Skersinės g., Žemuogių g., Žiedų g.)",Trečiadienis,"14 d., 28 d.","11 d., 25 d.","11 d., 25 d.","8 d., 22 d.","6 d., 20 d.","3 d., 17 d."
Avižienių,"Bendoriai (Ateities g., Bendorėlių arka, Debesų g., Draugų g., Gausos g., Ilgoji g., Kėkštų g., Melisų g., Meškėnų g., Pavakario g., Samanynės g., Senasis Ukmergės kel.,  Trumpoji g., Žalčių g.,  Žemaitukų 1-oji g., Žirgyno g., Žvaigdžių g., Vyturių g., Vilnios g.)",Trečiadienis,"14 d., 28 d.","11 d., 25 d.","11 d., 25 d.","8 d., 22 d.","6 d., 20 d.","3 d., 17 d."
Avižienių,"Bendoriai ( Ilgoji g.,nuo 18 iki 18U,Ilgoji g., 27, 29, 31, 33, 35, 37, 37 A,B,C)   Žalumos g.",Trečiadienis,"7 d., 21 d.","4 d., 18 d.","4 d., 18 d.","1 d., 15 d., 29 d.","13 d., 27 d.","10 d., 24 d."
Avižienių,"Bendoriai ( M. Valančiaus g., Pavakario g., Vidurio g. )",Ketvirtadienis,"1 d., 15 d., 29 d.","12 d., 26 d.","12 d., 26 d.","9 d., 23 d.","7 d., 21 d.","4 d., 18 d."
Avižienių,Bukiškis (Mėtų g.),Trečiadienis,"7 d., 21 d.","4 d., 18 d.","4 d., 18 d.","1 d., 15 d., 29 d.","13 d., 27 d.","10 d., 24 d."
Avižienių,Bukiškis (Obelynės gyvenvietė),Antradienis,"13 d., 27 d.","10 d., 24 d.","10 d., 24 d.","7 d., 21 d.","5 d., 19 d.","2 d., 16 d., 30 d."
Avižienių,"Bukiškis (Melisų g., Žiedų g. )",Trečiadienis,"14 d., 28 d.","11 d., 25 d.","11 d., 25 d.","8 d., 22 d.","6 d., 20 d.","3 d., 17 d."
Avižienių,"Bukiškis (Aušros g., Bičiulių g., Blindžių g., Draugystės g., Giminaičių g., Guobų g.,  Jaunimo g., Laimės g., Laisvės g., Liepų g., Mokyklos g., Rūtų g., Saulės g., Sedulų g., Sodininkų g., Sodų g., Stadiono g., Taikos g.)",Penktadienis,"9 d., 23 d.","6 d., 20 d.","6 d., 20 d.","3 d., 17 d.","1 d., 15 d., 29 d.","12 d., 26 d."
Avižienių,Ežeraičiai,Ketvirtadienis,"8 d., 22 d.","5 d., 19 d.","5 d., 19 d.","2 d., 16 d., 30 d.","14 d., 28 d.","11 d., 25 d."
Avižienių,Galinė,Ketvirtadienis,"8 d., 22 d.","5 d., 19 d.","5 d., 19 d.","2 d., 16 d., 30 d.","14 d., 28 d.","11 d., 25 d."
Avižienių,Gilužiai,Antradienis,"13 d., 27 d.","10 d., 24 d.","10 d., 24 d.","7 d., 21 d.","5 d., 19 d.","2 d., 16 d., 30 d."
Avižienių,"Gilužiai Trumpoji g.  (Nr. 1-1, 1-2, 5, 7, 9-1, 9-2, 11-1, 11-2, 13-1, 13-2)",Pirmadienis,"12 d., 26 d.","9 d., 23 d.","9 d., 23 d.","6 d., 20 d.","4 d., 18 d.","1 d., 15 d., 29 d."
Avižienių,Klevinė,Ketvirtadienis,"1 d., 15 d., 29 d.","12 d., 26 d.","12 d., 26 d.","9 d., 23 d.","7 d., 21 d.","4 d., 18 d."
Avižienių,Laidagaliai,Ketvirtadienis,"8 d., 22 d.","5 d., 19 d.","5 d., 19 d.","2 d., 16 d., 30 d.","14 d., 28 d.","11 d., 25 d."
Avižienių,"Lindiniškių k. ( Astrų g., Bajorų g., Mėtų g., Žydrių g.)",Trečiadienis,"14 d., 28 d.","11 d., 25 d.","11 d., 25 d.","8 d., 22 d.","6 d., 20 d.","3 d., 17 d."
Avižienių,"Lindiniškių k. ( Aukštaičių tak., Giraitės g., Didžioji g., Debesylų g., Ilgoji g., Kalvų g., Mėtų g., Lindiniškių g., Pamiškės g., Rudens g., Saulėlydžio g., Sėkmės g., Skroblų g., Spindulių g., Tauro g., Vijoklių g., Vyšnių g.,Volungių g.)",Ketvirtadienis,"1 d., 15 d., 29 d.","12 d., 26 d.","12 d., 26 d.","9 d., 23 d.","7 d., 21 d.","4 d., 18 d."
Avižienių,"Lindiniškės k. (Ąžuolų g., Bijūnų g., Eglių g., Jurginų g., Liepų g., Miglos g., Tvenkinio g.)",Antradienis,"13 d., 27 d.","10 d., 24 d.","10 d., 24 d.","7 d., 21 d.","5 d., 19 d.","2 d., 16 d., 30 d."
Avižienių,"Lindiniškių k. (Dvaro g., Riešės g., Viržių g., Žagrenių g.)",Trečiadienis,"7 d., 21 d.","4 d., 18 d.","4 d., 18 d.","1 d., 15 d., 29 d.","13 d., 27 d.","10 d., 24 d."
Avižienių,Markiškės,Ketvirtadienis,"8 d., 22 d.","5 d., 19 d.","5 d., 19 d.","2 d., 16 d., 30 d.","14 d., 28 d.","11 d., 25 d."
Avižienių,"Mažoji Riešė (Lobių g., Rusokų g., Kalno g., Bendorių kelias , Senasis Ukmerges kelias nuo Nr.  107 )",Ketvirtadienis,"1 d., 15 d., 29 d.","12 d., 26 d.","12 d., 26 d.","9 d., 23 d.","7 d., 21 d.","4 d., 18 d."
Avižienių,"Riešės k.(Aušros g., Dvaro g., Ežero g., Kalvų g., Miško g., Pergalės g., Pušų g., Riešės g., Sporto g., Vaivorykštės g., Vėjų g., Šilo g., Žiedo g.)",Trečiadienis,"7 d., 21 d.","4 d., 18 d.","4 d., 18 d.","1 d., 15 d., 29 d.","13 d., 27 d.","10 d., 24 d."
Avižienių,"Riešės k. ( Bajorų g., Beržų g., Gluosnių g.,  Riešutų g., Siesarčio g., Suopių g., )",Trečiadienis,"14 d., 28 d.","11 d., 25 d.","11 d., 25 d.","8 d., 22 d.","6 d., 20 d.","3 d., 17 d."
Avižienių,Naujasodžiai,Ketvirtadienis,"8 d., 22 d.","5 d., 19 d.","5 d., 19 d.","2 d., 16 d., 30 d.","14 d., 28 d.","11 d., 25 d."
Avižienių,"Pikutiškės (Diemedžių g., Gaigalinės g., Centrinė g., Jonažolių g., Orchidėjų g., Pikutiškių g., Pušynėlių g., Senoji g.,  Švedų g., Šviesioji g., Žibučių g., Žiemos g.)",Penktadienis,"9 d., 23 d.","6 d., 20 d.","6 d., 20 d.","3 d., 17 d.","1 d., 15 d., 29 d.","12 d., 26 d."
Avižienių,"Pikutiškės (Šerkšno g., Grybų g., Pievų g., Veronikų g.)",Pirmadienis,"5 d., 19 d.","2 d., 16 d.","2 d., 16 d., 30 d.","13 d., 27 d.","11 d., 25 d.","8 d., 22 d."
Avižienių,"Pikutiškės (Braškių g., Kalvių 1-oji, 2-oji, 3-oji, 4-oji, 5-oji g., Sudervės g. 26, 28, Žolynų g.)",Penktadienis,"2 d., 16 d., 30 d.","13 d., 27 d.","13 d., 27 d.","10 d., 24 d.","8 d., 22 d.","5 d., 19 d."
Avižienių,"Raisteniškės (Giminių g., Medaus g.)",Trečiadienis,"14 d., 28 d.","11 d., 25 d.","11 d., 25 d.","8 d., 22 d.","6 d., 20 d.","3 d., 17 d."
Avižienių,"Raisteniškės (Liepų g., Lapų g., Klevų g., Molio g., Raisteniškių g., Senasis Ukmergės kelias, Žaibo g.)",Ketvirtadienis,"1 d., 15 d., 29 d.","12 d., 26 d.","12 d., 26 d.","9 d., 23 d.","7 d., 21 d.","4 d., 18 d."
Avižienių,Saldenė,Pirmadienis,"5 d., 19 d.","2 d., 16 d.","2 d., 16 d., 30 d.","13 d., 27 d.","11 d., 25 d.","8 d., 22 d."
Avižienių,"Saldenė (Gervių g., Kernavės g., Kankorėžių g., Berželių g.)",Pirmadienis,"5 d., 19 d.","2 d., 16 d.","2 d., 16 d., 30 d.","13 d., 27 d.","11 d., 25 d.","8 d., 22 d."
Avižienių,Švedai,Penktadienis,"9 d., 23 d.","6 d., 20 d.","6 d., 20 d.","3 d., 17 d.","1 d., 15 d., 29 d.","12 d., 26 d."
Avižienių,Tarandė,Antradienis,"13 d., 27 d.","10 d., 24 d.","10 d., 24 d.","7 d., 21 d.","5 d., 19 d.","2 d., 16 d., 30 d."
Avižienių,Užubaliai,Ketvirtadienis,"1 d., 15 d., 29 d.","12 d., 26 d.","12 d., 26 d.","9 d., 23 d.","7 d., 21 d.","4 d., 18 d."
Avižienių,Užudvarionys,Antradienis,"13 d., 27 d.","10 d., 24 d.","10 d., 24 d.","7 d., 21 d.","5 d., 19 d.","2 d., 16 d., 30 d."
Avižienių,Žemieji Rusokai (Dvaro g. ),Trečiadienis,"7 d., 21 d.","4 d., 18 d.","4 d., 18 d.","1 d., 15 d., 29 d.","13 d., 27 d.","10 d., 24 d."
Avižienių,"Žemieji Rusokai (Bendorių kel., Kaimynų g., Klonių g., Upės g.)",Trečiadienis,"14 d., 28 d.","11 d., 25 d.","11 d., 25 d.","8 d., 22 d.","6 d., 20 d.","3 d., 17 d."
Bezdonių,Arvydai,Ketvirtadienis,"8 d., 22 d.","5 d., 19 d.","5 d., 19 d.","2 d., 16 d., 30 d.","14 d., 28 d.","11 d., 25 d."
Bezdonių ,Ąžuolynė,Ketvirtadienis,"1 d., 15 d., 29 d.","12 d., 26 d.","12 d., 26 d.","9 d., 23 d.","7 d., 21 d.","4 d., 18 d."
Bezdonių ,Aukštuolė,Ketvirtadienis,"8 d., 22 d.","5 d., 19 d.","5 d., 19 d.","2 d., 16 d., 30 d.","14 d., 28 d.","11 d., 25 d."
Bezdonių ,Aukštuolė S/B Telefonistas,Ketvirtadienis,"1 d., 15 d., 29 d.","12 d., 26 d.","12 d., 26 d.","9 d., 23 d.","7 d., 21 d.","4 d., 18 d."
Bezdonių ,Aukštuolė S/B Vakaras,Ketvirtadienis,"1 d., 15 d., 29 d.","12 d., 26 d.","12 d., 26 d.","9 d., 23 d.","7 d., 21 d.","4 d., 18 d."
Bezdonių ,Aukštieji Bezdonys,Ketvirtadienis,"1 d., 15 d., 29 d.","12 d., 26 d.","12 d., 26 d.","9 d., 23 d.","7 d., 21 d.","4 d., 18 d."
Bezdonių,Ažunerės,Ketvirtadienis,"1 d., 15 d., 29 d.","12 d., 26 d.","12 d., 26 d.","9 d., 23 d.","7 d., 21 d.","4 d., 18 d."
Bezdonių ,Balsiškės,Ketvirtadienis,"8 d., 22 d.","5 d., 19 d.","5 d., 19 d.","2 d., 16 d., 30 d.","14 d., 28 d.","11 d., 25 d."
Bezdonių,Baronai,Ketvirtadienis,"1 d., 15 d., 29 d.","12 d., 26 d.","12 d., 26 d.","9 d., 23 d.","7 d., 21 d.","4 d., 18 d."
Bezdonių,Bezdonamiškiai,Ketvirtadienis,"8 d., 22 d.","5 d., 19 d.","5 d., 19 d.","2 d., 16 d., 30 d.","14 d., 28 d.","11 d., 25 d."
Bezdonių,"Bezdonys (  Arklių g., Geležinkelio g., Malūno g., Miško g., Naujoji g., Kranto g., Pakrantės g., Pušų g., Statybininkų g., Užupio g., Šilo g., Vėtrungės g.)",Ketvirtadienis,"8 d., 22 d.","5 d., 19 d.","5 d., 19 d.","2 d., 16 d., 30 d.","14 d., 28 d.","11 d., 25 d."
Bezdonių,"Bezdonys Pakalnės g., Draugystės g.",Ketvirtadienis,"8 d., 22 d.","5 d., 19 d.","5 d., 19 d.","2 d., 16 d., 30 d.","14 d., 28 d.","11 d., 25 d."
Bezdonių ,Bilkiškės S/B Gojus 3,Trečiadienis,"14 d., 28 d.","11 d., 25 d.","11 d., 25 d.","8 d., 22 d.","6 d., 20 d.","3 d., 17 d."
Bezdonių ,Blūdikalnis,Ketvirtadienis,"8 d., 22 d.","5 d., 19 d.","5 d., 19 d.","2 d., 16 d., 30 d.","14 d., 28 d.","11 d., 25 d."
Bezdonių,Bratoniškės,Trečiadienis,"14 d., 28 d.","11 d., 25 d.","11 d., 25 d.","8 d., 22 d.","6 d., 20 d.","3 d., 17 d."
Bezdonių,Diedelupė,Ketvirtadienis,"8 d., 22 d.","5 d., 19 d.","5 d., 19 d.","2 d., 16 d., 30 d.","14 d., 28 d.","11 d., 25 d."
Bezdonių,Girdiškės,Ketvirtadienis,"8 d., 22 d.","5 d., 19 d.","5 d., 19 d.","2 d., 16 d., 30 d.","14 d., 28 d.","11 d., 25 d."
Bezdonių,Jonėnai,Ketvirtadienis,"8 d., 22 d.","5 d., 19 d.","5 d., 19 d.","2 d., 16 d., 30 d.","14 d., 28 d.","11 d., 25 d."
Bezdonių,Juodegliai,Ketvirtadienis,"1 d., 15 d., 29 d.","12 d., 26 d.","12 d., 26 d.","9 d., 23 d.","7 d., 21 d.","4 d., 18 d."
Bezdonių,Kreivėnai,Trečiadienis,"7 d., 21 d.","4 d., 18 d.","4 d., 18 d.","1 d., 15 d., 29 d.","13 d., 27 d.","10 d., 24 d."
Bezdonių,Liepiai,Trečiadienis,"14 d., 28 d.","11 d., 25 d.","11 d., 25 d.","8 d., 22 d.","6 d., 20 d.","3 d., 17 d."
Bezdonių,Liepalotai,Ketvirtadienis,"8 d., 22 d.","5 d., 19 d.","5 d., 19 d.","2 d., 16 d., 30 d.","14 d., 28 d.","11 d., 25 d."
Bezdonių,Margutiškės,Ketvirtadienis,"1 d., 15 d., 29 d.","12 d., 26 d.","12 d., 26 d.","9 d., 23 d.","7 d., 21 d.","4 d., 18 d."
Bezdonių,Meiriškės,Ketvirtadienis,"1 d., 15 d., 29 d.","12 d., 26 d.","12 d., 26 d.","9 d., 23 d.","7 d., 21 d.","4 d., 18 d."
Bezdonių ,Miškonys,Trečiadienis,"14 d., 28 d.","11 d., 25 d.","11 d., 25 d.","8 d., 22 d.","6 d., 20 d.","3 d., 17 d."
Bezdonių ,Naujasodė,Trečiadienis,"7 d., 21 d.","4 d., 18 d.","4 d., 18 d.","1 d., 15 d., 29 d.","13 d., 27 d.","10 d., 24 d."
Bezdonių ,Pasakiškės,Trečiadienis,"14 d., 28 d.","11 d., 25 d.","11 d., 25 d.","8 d., 22 d.","6 d., 20 d.","3 d., 17 d."
Bezdonių ,Plikakalnis,Ketvirtadienis,"8 d., 22 d.","5 d., 19 d.","5 d., 19 d.","2 d., 16 d., 30 d.","14 d., 28 d.","11 d., 25 d."
Bezdonių ,Pušinė,Ketvirtadienis,"8 d., 22 d.","5 d., 19 d.","5 d., 19 d.","2 d., 16 d., 30 d.","14 d., 28 d.","11 d., 25 d."
Bezdonių,Sakiškės,Trečiadienis,"14 d., 28 d.","11 d., 25 d.","11 d., 25 d.","8 d., 22 d.","6 d., 20 d.","3 d., 17 d."
Bezdonių.,S/B Beržas,Trečiadienis,"14 d., 28 d.","11 d., 25 d.","11 d., 25 d.","8 d., 22 d.","6 d., 20 d.","3 d., 17 d."
Bezdonių ,S/B Dobilas,Trečiadienis,"14 d., 28 d.","11 d., 25 d.","11 d., 25 d.","8 d., 22 d.","6 d., 20 d.","3 d., 17 d."
Bezdonių ,"SB ""Girios -7""",Trečiadienis,"14 d., 28 d.","11 d., 25 d.","11 d., 25 d.","8 d., 22 d.","6 d., 20 d.","3 d., 17 d."
Bezdonių ,"SB ""Rapsas""",Pirmadienis,"12 d., 26 d.","9 d., 23 d.","9 d., 23 d.","6 d., 20 d.","4 d., 18 d.","1 d., 15 d., 29 d."
Bezdonių,Skersabalių geležinkelio stotis,Trečiadienis,"14 d., 28 d.","11 d., 25 d.","11 d., 25 d.","8 d., 22 d.","6 d., 20 d.","3 d., 17 d."
Bezdonių,Spragilinė,Trečiadienis,"14 d., 28 d.","11 d., 25 d.","11 d., 25 d.","8 d., 22 d.","6 d., 20 d.","3 d., 17 d."
Bezdonių,Šeškučiai,Pirmadienis,"12 d., 26 d.","9 d., 23 d.","9 d., 23 d.","6 d., 20 d.","4 d., 18 d.","1 d., 15 d., 29 d."
Bezdonių,Tapeliai,Pirmadienis,"12 d., 26 d.","9 d., 23 d.","9 d., 23 d.","6 d., 20 d.","4 d., 18 d.","1 d., 15 d., 29 d."
Bezdonių,Vilkiškės,Pirmadienis,"12 d., 26 d.","9 d., 23 d.","9 d., 23 d.","6 d., 20 d.","4 d., 18 d.","1 d., 15 d., 29 d."
Bezdonių,Zamečkavas,Trečiadienis,"14 d., 28 d.","11 d., 25 d.","11 d., 25 d.","8 d., 22 d.","6 d., 20 d.","3 d., 17 d."
Bezdonių,Žvyriškių k.,Ketvirtadienis,"1 d., 15 d., 29 d.","12 d., 26 d.","12 d., 26 d.","9 d., 23 d.","7 d., 21 d.","4 d., 18 d."
Buivydžių ,Akmentiltis,Trečiadienis,"7 d., 21 d.","4 d., 18 d.","4 d., 18 d.","1 d., 15 d., 29 d.","13 d., 27 d.","10 d., 24 d."
Buivydžių ,Akuotninkai,Trečiadienis,"14 d., 28 d.","11 d., 25 d.","11 d., 25 d.","8 d., 22 d.","6 d., 20 d.","3 d., 17 d."
Buivydžių ,Arturiškis,Trečiadienis,"14 d., 28 d.","11 d., 25 d.","11 d., 25 d.","8 d., 22 d.","6 d., 20 d.","3 d., 17 d."
Buivydžių ,Aukštieji,Trečiadienis,"14 d., 28 d.","11 d., 25 d.","11 d., 25 d.","8 d., 22 d.","6 d., 20 d.","3 d., 17 d."
Buivydžių ,Balėnai,Trečiadienis,"14 d., 28 d.","11 d., 25 d.","11 d., 25 d.","8 d., 22 d.","6 d., 20 d.","3 d., 17 d."
Buivydžių ,Baliniai,Trečiadienis,"7 d., 21 d.","4 d., 18 d.","4 d., 18 d.","1 d., 15 d., 29 d.","13 d., 27 d.","10 d., 24 d."
Buivydžių ,Brižiškės,Trečiadienis,"14 d., 28 d.","11 d., 25 d.","11 d., 25 d.","8 d., 22 d.","6 d., 20 d.","3 d., 17 d."
Buivydžių ,Brižiai,Trečiadienis,"14 d., 28 d.","11 d., 25 d.","11 d., 25 d.","8 d., 22 d.","6 d., 20 d.","3 d., 17 d."
Buivydžių ,Buivydžiai I,Trečiadienis,"14 d., 28 d.","11 d., 25 d.","11 d., 25 d.","8 d., 22 d.","6 d., 20 d.","3 d., 17 d."
Buivydžių ,Buivydžiai II,Trečiadienis,"14 d., 28 d.","11 d., 25 d.","11 d., 25 d.","8 d., 22 d.","6 d., 20 d.","3 d., 17 d."
Buivydžių ,Bulbinė,Trečiadienis,"14 d., 28 d.","11 d., 25 d.","11 d., 25 d.","8 d., 22 d.","6 d., 20 d.","3 d., 17 d."
Buivydžių ,Čereliai,Trečiadienis,"14 d., 28 d.","11 d., 25 d.","11 d., 25 d.","8 d., 22 d.","6 d., 20 d.","3 d., 17 d."
Buivydžių ,Čižiškės,Trečiadienis,"14 d., 28 d.","11 d., 25 d.","11 d., 25 d.","8 d., 22 d.","6 d., 20 d.","3 d., 17 d."
Buivydžių ,Darželiai,Trečiadienis,"14 d., 28 d.","11 d., 25 d.","11 d., 25 d.","8 d., 22 d.","6 d., 20 d.","3 d., 17 d."
Buivydžių ,Fabijoniškės,Trečiadienis,"14 d., 28 d.","11 d., 25 d.","11 d., 25 d.","8 d., 22 d.","6 d., 20 d.","3 d., 17 d."
Buivydžių ,Girdžiūnai,Trečiadienis,"14 d., 28 d.","11 d., 25 d.","11 d., 25 d.","8 d., 22 d.","6 d., 20 d.","3 d., 17 d."
Buivydžių ,Griaučionys,Trečiadienis,"7 d., 21 d.","4 d., 18 d.","4 d., 18 d.","1 d., 15 d., 29 d.","13 d., 27 d.","10 d., 24 d."
Buivydžių ,Išoriškės,Trečiadienis,"14 d., 28 d.","11 d., 25 d.","11 d., 25 d.","8 d., 22 d.","6 d., 20 d.","3 d., 17 d."
Buivydžių ,Jonakalnis,Trečiadienis,"7 d., 21 d.","4 d., 18 d.","4 d., 18 d.","1 d., 15 d., 29 d.","13 d., 27 d.","10 d., 24 d."
Buivydžių ,Joninės,Trečiadienis,"14 d., 28 d.","11 d., 25 d.","11 d., 25 d.","8 d., 22 d.","6 d., 20 d.","3 d., 17 d."
Buivydžių ,Joniškės,Trečiadienis,"14 d., 28 d.","11 d., 25 d.","11 d., 25 d.","8 d., 22 d.","6 d., 20 d.","3 d., 17 d."
Buivydžių ,Kaniūkai,Trečiadienis,"14 d., 28 d.","11 d., 25 d.","11 d., 25 d.","8 d., 22 d.","6 d., 20 d.","3 d., 17 d."
Buivydžių ,Kareiviškės,Trečiadienis,"14 d., 28 d.","11 d., 25 d.","11 d., 25 d.","8 d., 22 d.","6 d., 20 d.","3 d., 17 d."
Buivydžių ,Karužiškės,Trečiadienis,"14 d., 28 d.","11 d., 25 d.","11 d., 25 d.","8 d., 22 d.","6 d., 20 d.","3 d., 17 d."
Buivydžių ,Kloniai,Trečiadienis,"14 d., 28 d.","11 d., 25 d.","11 d., 25 d.","8 d., 22 d.","6 d., 20 d.","3 d., 17 d."
Buivydžių ,Kloniškės,Trečiadienis,"14 d., 28 d.","11 d., 25 d.","11 d., 25 d.","8 d., 22 d.","6 d., 20 d.","3 d., 17 d."
Buivydžių ,Lozoriškės,Trečiadienis,"7 d., 21 d.","4 d., 18 d.","4 d., 18 d.","1 d., 15 d., 29 d.","13 d., 27 d.","10 d., 24 d."
Buivydžių ,Maikūnai,Trečiadienis,"7 d., 21 d.","4 d., 18 d.","4 d., 18 d.","1 d., 15 d., 29 d.","13 d., 27 d.","10 d., 24 d."
Buivydžių ,Narbutiškės,Trečiadienis,"14 d., 28 d.","11 d., 25 d.","11 d., 25 d.","8 d., 22 d.","6 d., 20 d.","3 d., 17 d."
Buivydžių ,Naujakiemis,Trečiadienis,"14 d., 28 d.","11 d., 25 d.","11 d., 25 d.","8 d., 22 d.","6 d., 20 d.","3 d., 17 d."
Buivydžių ,Padabčiai,Trečiadienis,"14 d., 28 d.","11 d., 25 d.","11 d., 25 d.","8 d., 22 d.","6 d., 20 d.","3 d., 17 d."
Buivydžių ,Paežeriai,Nėra objektų,,,,,,
Buivydžių ,Pakalniai,Trečiadienis,"7 d., 21 d.","4 d., 18 d.","4 d., 18 d.","1 d., 15 d., 29 d.","13 d., 27 d.","10 d., 24 d."
Buivydžių ,Paliepė,Trečiadienis,"14 d., 28 d.","11 d., 25 d.","11 d., 25 d.","8 d., 22 d.","6 d., 20 d.","3 d., 17 d."
Buivydžių ,Papynė,Trečiadienis,"14 d., 28 d.","11 d., 25 d.","11 d., 25 d.","8 d., 22 d.","6 d., 20 d.","3 d., 17 d."
Buivydžių ,Papunžė,Trečiadienis,"7 d., 21 d.","4 d., 18 d.","4 d., 18 d.","1 d., 15 d., 29 d.","13 d., 27 d.","10 d., 24 d."
Buivydžių ,Pašulniškės,Trečiadienis,"7 d., 21 d.","4 d., 18 d.","4 d., 18 d.","1 d., 15 d., 29 d.","13 d., 27 d.","10 d., 24 d."
Buivydžių ,Pelikonys,Trečiadienis,"7 d., 21 d.","4 d., 18 d.","4 d., 18 d.","1 d., 15 d., 29 d.","13 d., 27 d.","10 d., 24 d."
Buivydžių ,Pilviškės,Trečiadienis,"14 d., 28 d.","11 d., 25 d.","11 d., 25 d.","8 d., 22 d.","6 d., 20 d.","3 d., 17 d."
Buivydžių ,Plytinė,Trečiadienis,"14 d., 28 d.","11 d., 25 d.","11 d., 25 d.","8 d., 22 d.","6 d., 20 d.","3 d., 17 d."
Buivydžių ,Pričiūnai,Trečiadienis,"14 d., 28 d.","11 d., 25 d.","11 d., 25 d.","8 d., 22 d.","6 d., 20 d.","3 d., 17 d."
Buivydžių ,Punžonys,Trečiadienis,"14 d., 28 d.","11 d., 25 d.","11 d., 25 d.","8 d., 22 d.","6 d., 20 d.","3 d., 17 d."
Buivydžių ,Rėva,Trečiadienis,"14 d., 28 d.","11 d., 25 d.","11 d., 25 d.","8 d., 22 d.","6 d., 20 d.","3 d., 17 d."
Buivydžių ,Rinkai,Trečiadienis,"14 d., 28 d.","11 d., 25 d.","11 d., 25 d.","8 d., 22 d.","6 d., 20 d.","3 d., 17 d."
Buivydžių ,Santaka,Trečiadienis,"7 d., 21 d.","4 d., 18 d.","4 d., 18 d.","1 d., 15 d., 29 d.","13 d., 27 d.","10 d., 24 d."
Buivydžių ,Skališkės,Trečiadienis,"14 d., 28 d.","11 d., 25 d.","11 d., 25 d.","8 d., 22 d.","6 d., 20 d.","3 d., 17 d."
Buivydžių ,Stražininkai,Trečiadienis,"14 d., 28 d.","11 d., 25 d.","11 d., 25 d.","8 d., 22 d.","6 d., 20 d.","3 d., 17 d."
Buivydžių ,Šikšniškės,Trečiadienis,"14 d., 28 d.","11 d., 25 d.","11 d., 25 d.","8 d., 22 d.","6 d., 20 d.","3 d., 17 d."
Buivydžių ,Šimonys,Trečiadienis,"14 d., 28 d.","11 d., 25 d.","11 d., 25 d.","8 d., 22 d.","6 d., 20 d.","3 d., 17 d."
Buivydžių ,Šlepiškės,Trečiadienis,"14 d., 28 d.","11 d., 25 d.","11 d., 25 d.","8 d., 22 d.","6 d., 20 d.","3 d., 17 d."
Buivydžių ,Šukiškės,Trečiadienis,"14 d., 28 d.","11 d., 25 d.","11 d., 25 d.","8 d., 22 d.","6 d., 20 d.","3 d., 17 d."
Buivydžių ,Šventininkai,Trečiadienis,"14 d., 28 d.","11 d., 25 d.","11 d., 25 d.","8 d., 22 d.","6 d., 20 d.","3 d., 17 d."
Buivydžių ,Tautuliškės,Trečiadienis,"14 d., 28 d.","11 d., 25 d.","11 d., 25 d.","8 d., 22 d.","6 d., 20 d.","3 d., 17 d."
Buivydžių ,Teklionys,Trečiadienis,"14 d., 28 d.","11 d., 25 d.","11 d., 25 d.","8 d., 22 d.","6 d., 20 d.","3 d., 17 d."
Buivydžių ,Varapniškės,Trečiadienis,"14 d., 28 d.","11 d., 25 d.","11 d., 25 d.","8 d., 22 d.","6 d., 20 d.","3 d., 17 d."
Buivydžių ,Veselucha,Trečiadienis,"14 d., 28 d.","11 d., 25 d.","11 d., 25 d.","8 d., 22 d.","6 d., 20 d.","3 d., 17 d."
Buivydžių ,Vilkinė,Trečiadienis,"14 d., 28 d.","11 d., 25 d.","11 d., 25 d.","8 d., 22 d.","6 d., 20 d.","3 d., 17 d."
Buivydžių ,Žitniškės,Trečiadienis,"14 d., 28 d.","11 d., 25 d.","11 d., 25 d.","8 d., 22 d.","6 d., 20 d.","3 d., 17 d."
Buivydžių ,Žvynėnai,Trečiadienis,"7 d., 21 d.","4 d., 18 d.","4 d., 18 d.","1 d., 15 d., 29 d.","13 d., 27 d.","10 d., 24 d."
Dūkštų,Adomčiškės,Trečiadienis,"7 d., 21 d.","4 d., 18 d.","4 d., 18 d.","1 d., 15 d., 29 d.","13 d., 27 d.","10 d., 24 d."
Dūkštų,Airėnai I,Ketvirtadienis,"1 d., 15 d., 29 d.","12 d., 26 d.","12 d., 26 d.","9 d., 23 d.","7 d., 21 d.","4 d., 18 d."
Dūkštų,Airėnai II,Trečiadienis,"14 d., 28 d.","11 d., 25 d.","11 d., 25 d.","8 d., 22 d.","6 d., 20 d.","3 d., 17 d."
Dūkštų,Aliejūnai,Ketvirtadienis,"1 d., 15 d., 29 d.","12 d., 26 d.","12 d., 26 d.","9 d., 23 d.","7 d., 21 d.","4 d., 18 d."
Dūkštų,Antakalniai,Trečiadienis,"14 d., 28 d.","11 d., 25 d.","11 d., 25 d.","8 d., 22 d.","6 d., 20 d.","3 d., 17 d."
Dūkštų,Babrukiškės,Trečiadienis,"7 d., 21 d.","4 d., 18 d.","4 d., 18 d.","1 d., 15 d., 29 d.","13 d., 27 d.","10 d., 24 d."
Dūkštų,Bagotėliai,Trečiadienis,"14 d., 28 d.","11 d., 25 d.","11 d., 25 d.","8 d., 22 d.","6 d., 20 d.","3 d., 17 d."
Dūkštų,Balčiūniškės,Trečiadienis,"14 d., 28 d.","11 d., 25 d.","11 d., 25 d.","8 d., 22 d.","6 d., 20 d.","3 d., 17 d."
Dūkštų,Bielazariškės,Trečiadienis,"14 d., 28 d.","11 d., 25 d.","11 d., 25 d.","8 d., 22 d.","6 d., 20 d.","3 d., 17 d."
Dūkštų,Bradeliškės,Trečiadienis,"14 d., 28 d.","11 d., 25 d.","11 d., 25 d.","8 d., 22 d.","6 d., 20 d.","3 d., 17 d."
Dūkštų,Brinkiškės,Antradienis,"13 d., 27 d.","10 d., 24 d.","10 d., 24 d.","7 d., 21 d.","5 d., 19 d.","2 d., 16 d., 30 d."
Dūkštų,Brinkiškės SB Žaluma,Antradienis,"6 d., 20 d.","3 d., 17 d.","3 d., 17 d., 31 d.","14 d., 28 d.","12 d., 26 d.","9 d., 23 d."
Dūkštų,Buivydai,Ketvirtadienis,"1 d., 15 d., 29 d.","12 d., 26 d.","12 d., 26 d.","9 d., 23 d.","7 d., 21 d.","4 d., 18 d."
Dūkštų,Daubarai,Ketvirtadienis,"1 d., 15 d., 29 d.","12 d., 26 d.","12 d., 26 d.","9 d., 23 d.","7 d., 21 d.","4 d., 18 d."
Dūkštų,Dūkštos,Ketvirtadienis,"1 d., 15 d., 29 d.","12 d., 26 d.","12 d., 26 d.","9 d., 23 d.","7 d., 21 d.","4 d., 18 d."
Dūkštų,Europa,Ketvirtadienis,"1 d., 15 d., 29 d.","12 d., 26 d.","12 d., 26 d.","9 d., 23 d.","7 d., 21 d.","4 d., 18 d."
Dūkštų,Geisiškės,Trečiadienis,"14 d., 28 d.","11 d., 25 d.","11 d., 25 d.","8 d., 22 d.","6 d., 20 d.","3 d., 17 d."
Dūkštų,Geniai,Trečiadienis,"7 d., 21 d.","4 d., 18 d.","4 d., 18 d.","1 d., 15 d., 29 d.","13 d., 27 d.","10 d., 24 d."
Dūkštų,Giesvė,Trečiadienis,"7 d., 21 d.","4 d., 18 d.","4 d., 18 d.","1 d., 15 d., 29 d.","13 d., 27 d.","10 d., 24 d."
Dūkštų,Grabijolai,Trečiadienis,"14 d., 28 d.","11 d., 25 d.","11 d., 25 d.","8 d., 22 d.","6 d., 20 d.","3 d., 17 d."
Dūkštų,Kačergiškės,Trečiadienis,"7 d., 21 d.","4 d., 18 d.","4 d., 18 d.","1 d., 15 d., 29 d.","13 d., 27 d.","10 d., 24 d."
Dūkštų,Karmazinai,Trečiadienis,"14 d., 28 d.","11 d., 25 d.","11 d., 25 d.","8 d., 22 d.","6 d., 20 d.","3 d., 17 d."
Dūkštų,Kazliškės,Trečiadienis,"7 d., 21 d.","4 d., 18 d.","4 d., 18 d.","1 d., 15 d., 29 d.","13 d., 27 d.","10 d., 24 d."
Dūkštų,Klimoniškės,Trečiadienis,"7 d., 21 d.","4 d., 18 d.","4 d., 18 d.","1 d., 15 d., 29 d.","13 d., 27 d.","10 d., 24 d."
Dūkštų,Kryžinė,Antradienis,"13 d., 27 d.","10 d., 24 d.","10 d., 24 d.","7 d., 21 d.","5 d., 19 d.","2 d., 16 d., 30 d."
Dūkštų,Levydonys,Trečiadienis,"7 d., 21 d.","4 d., 18 d.","4 d., 18 d.","1 d., 15 d., 29 d.","13 d., 27 d.","10 d., 24 d."
Dūkštų,Marijoniškės,Trečiadienis,"7 d., 21 d.","4 d., 18 d.","4 d., 18 d.","1 d., 15 d., 29 d.","13 d., 27 d.","10 d., 24 d."
Dūkštų,Maskviškės,Trečiadienis,"14 d., 28 d.","11 d., 25 d.","11 d., 25 d.","8 d., 22 d.","6 d., 20 d.","3 d., 17 d."
Dūkštų,Medviediškės,Trečiadienis,"7 d., 21 d.","4 d., 18 d.","4 d., 18 d.","1 d., 15 d., 29 d.","13 d., 27 d.","10 d., 24 d."
Dūkštų,Miežionys,Ketvirtadienis,"1 d., 15 d., 29 d.","12 d., 26 d.","12 d., 26 d.","9 d., 23 d.","7 d., 21 d.","4 d., 18 d."
Dūkštų,Moliūnai,Penktadienis,"2 d., 16 d., 30 d.","13 d., 27 d.","13 d., 27 d.","10 d., 24 d.","8 d., 22 d.","5 d., 19 d."
Dūkštų,Molynė,Trečiadienis,"14 d., 28 d.","11 d., 25 d.","11 d., 25 d.","8 d., 22 d.","6 d., 20 d.","3 d., 17 d."
Dūkštų,Paąžuoliai,Trečiadienis,"14 d., 28 d.","11 d., 25 d.","11 d., 25 d.","8 d., 22 d.","6 d., 20 d.","3 d., 17 d."
Dūkštų,Padvariai,Ketvirtadienis,"1 d., 15 d., 29 d.","12 d., 26 d.","12 d., 26 d.","9 d., 23 d.","7 d., 21 d.","4 d., 18 d."
Dūkštų,Pakalniai,Ketvirtadienis,"1 d., 15 d., 29 d.","12 d., 26 d.","12 d., 26 d.","9 d., 23 d.","7 d., 21 d.","4 d., 18 d."
Dūkštų,Papokšė,Antradienis,"13 d., 27 d.","10 d., 24 d.","10 d., 24 d.","7 d., 21 d.","5 d., 19 d.","2 d., 16 d., 30 d."
Dūkštų,Pietuškiai,Trečiadienis,"7 d., 21 d.","4 d., 18 d.","4 d., 18 d.","1 d., 15 d., 29 d.","13 d., 27 d.","10 d., 24 d."
Dūkštų,Pūstelninkai,Ketvirtadienis,"1 d., 15 d., 29 d.","12 d., 26 d.","12 d., 26 d.","9 d., 23 d.","7 d., 21 d.","4 d., 18 d."
Dūkštų,Rokiškės,Ketvirtadienis,"1 d., 15 d., 29 d.","12 d., 26 d.","12 d., 26 d.","9 d., 23 d.","7 d., 21 d.","4 d., 18 d."
Dūkštų,Sarginė,Trečiadienis,"7 d., 21 d.","4 d., 18 d.","4 d., 18 d.","1 d., 15 d., 29 d.","13 d., 27 d.","10 d., 24 d."
Dūkštų,Staikiškės,Antradienis,"13 d., 27 d.","10 d., 24 d.","10 d., 24 d.","7 d., 21 d.","5 d., 19 d.","2 d., 16 d., 30 d."
Dūkštų,Šiauliškės,Trečiadienis,"7 d., 21 d.","4 d., 18 d.","4 d., 18 d.","1 d., 15 d., 29 d.","13 d., 27 d.","10 d., 24 d."
Dūkštų,Tintiniškės,Trečiadienis,"7 d., 21 d.","4 d., 18 d.","4 d., 18 d.","1 d., 15 d., 29 d.","13 d., 27 d.","10 d., 24 d."
Dūkštų,Trečiokiškės,Trečiadienis,"7 d., 21 d.","4 d., 18 d.","4 d., 18 d.","1 d., 15 d., 29 d.","13 d., 27 d.","10 d., 24 d."
Dūkštų,Vėlybniškės,Trečiadienis,"7 d., 21 d.","4 d., 18 d.","4 d., 18 d.","1 d., 15 d., 29 d.","13 d., 27 d.","10 d., 24 d."
Dūkštų,Verkšionys + Neries kilpos gyvenvietė,Trečiadienis,"14 d., 28 d.","11 d., 25 d.","11 d., 25 d.","8 d., 22 d.","6 d., 20 d.","3 d., 17 d."
Dūkštų,Vydautiškės,Trečiadienis,"7 d., 21 d.","4 d., 18 d.","4 d., 18 d.","1 d., 15 d., 29 d.","13 d., 27 d.","10 d., 24 d."
Dūkštų,Zakariškės,Trečiadienis,"7 d., 21 d.","4 d., 18 d.","4 d., 18 d.","1 d., 15 d., 29 d.","13 d., 27 d.","10 d., 24 d."
Nemenčinės ,Akavitai,Antradienis,"7 d., 21 d.","4 d., 18 d.","4 d., 18 d.","1 d., 15 d., 29 d.","13 d., 27 d.","10 d., 24 d."
Nemenčinės ,Aliniškės,Antradienis,"13 d., 27 d.","10 d., 24 d.","10 d., 24 d.","7 d., 21 d.","5 d., 19 d.","2 d., 16 d., 30 d."
Nemenčinės ,Andrioniškės,Antradienis,"13 d., 27 d.","10 d., 24 d.","10 d., 24 d.","7 d., 21 d.","5 d., 19 d.","2 d., 16 d., 30 d."
Nemenčinės ,Ažubaliai,Antradienis,"6 d., 20 d.","3 d., 17 d.","3 d., 17 d., 31 d.","14 d., 28 d.","12 d., 26 d.","9 d., 23 d."
Nemenčinės ,Bališkės,Antradienis,"13 d., 27 d.","10 d., 24 d.","10 d., 24 d.","7 d., 21 d.","5 d., 19 d.","2 d., 16 d., 30 d."
Nemenčinės ,Barliškės,Penktadienis,"2 d., 16 d., 30 d.","13 d., 27 d.","13 d., 27 d.","10 d., 24 d.","8 d., 22 d.","5 d., 19 d."
Nemenčinės ,Barūnėliai,Antradienis,"13 d., 27 d.","10 d., 24 d.","10 d., 24 d.","7 d., 21 d.","5 d., 19 d.","2 d., 16 d., 30 d."
Nemenčinės ,Bernotai,Penktadienis,"2 d., 16 d., 30 d.","13 d., 27 d.","13 d., 27 d.","10 d., 24 d.","8 d., 22 d.","5 d., 19 d."
Nemenčinės ,Beviršė,Antradienis,"6 d., 20 d.","3 d., 17 d.","3 d., 17 d., 31 d.","14 d., 28 d.","12 d., 26 d.","9 d., 23 d."
Nemenčinės ,Dailidėnai,Antradienis,"13 d., 27 d.","10 d., 24 d.","10 d., 24 d.","7 d., 21 d.","5 d., 19 d.","2 d., 16 d., 30 d."
Nemenčinės ,Dailidiškės,Antradienis,"13 d., 27 d.","10 d., 24 d.","10 d., 24 d.","7 d., 21 d.","5 d., 19 d.","2 d., 16 d., 30 d."
Nemenčinės ,Dasionys,Antradienis,"13 d., 27 d.","10 d., 24 d.","10 d., 24 d.","7 d., 21 d.","5 d., 19 d.","2 d., 16 d., 30 d."
Nemenčinės ,Didžiosios Kabiškės,Penktadienis,"2 d., 16 d., 30 d.","13 d., 27 d.","13 d., 27 d.","10 d., 24 d.","8 d., 22 d.","5 d., 19 d."
Nemenčinės ,Eglinė,Antradienis,"13 d., 27 d.","10 d., 24 d.","10 d., 24 d.","7 d., 21 d.","5 d., 19 d.","2 d., 16 d., 30 d."
Nemenčinės ,Eitminiškės,Antradienis,"13 d., 27 d.","10 d., 24 d.","10 d., 24 d.","7 d., 21 d.","5 d., 19 d.","2 d., 16 d., 30 d."
Nemenčinės ,Gailiūniškės,Antradienis,"6 d., 20 d.","3 d., 17 d.","3 d., 17 d., 31 d.","14 d., 28 d.","12 d., 26 d.","9 d., 23 d."
Nemenčinės ,Gamernė,Trečiadienis,"7 d., 21 d.","4 d., 18 d.","4 d., 18 d.","1 d., 15 d., 29 d.","13 d., 27 d.","10 d., 24 d."
Nemenčinės ,Garnapališkės,Pirmadienis,"12 d., 26 d.","9 d., 23 d.","9 d., 23 d.","6 d., 20 d.","4 d., 18 d.","1 d., 15 d., 29 d."
Nemenčinės ,Garniškės,Antradienis,"13 d., 27 d.","10 d., 24 d.","10 d., 24 d.","7 d., 21 d.","5 d., 19 d.","2 d., 16 d., 30 d."
Nemenčinės ,Gaukštonys,Antradienis,"13 d., 27 d.","10 d., 24 d.","10 d., 24 d.","7 d., 21 d.","5 d., 19 d.","2 d., 16 d., 30 d."
Nemenčinės ,Gegužinė,Penktadienis,"2 d., 16 d., 30 d.","13 d., 27 d.","13 d., 27 d.","10 d., 24 d.","8 d., 22 d.","5 d., 19 d."
Nemenčinės ,Grabiškės,Antradienis,"13 d., 27 d.","10 d., 24 d.","10 d., 24 d.","7 d., 21 d.","5 d., 19 d.","2 d., 16 d., 30 d."
Nemenčinės ,Gajuvka,Nėra objektų,,,,,,
Nemenčinės ,Grąžteliai,Penktadienis,"2 d., 16 d., 30 d.","13 d., 27 d.","13 d., 27 d.","10 d., 24 d.","8 d., 22 d.","5 d., 19 d."
Nemenčinės ,Gudoniškės,Penktadienis,"2 d., 16 d., 30 d.","13 d., 27 d.","13 d., 27 d.","10 d., 24 d.","8 d., 22 d.","5 d., 19 d."
Nemenčinės ,Jankūniškės,Pirmadienis,"12 d., 26 d.","9 d., 23 d.","9 d., 23 d.","6 d., 20 d.","4 d., 18 d.","1 d., 15 d., 29 d."
Nemenčinės ,Juodežeriai,Penktadienis,"2 d., 16 d., 30 d.","13 d., 27 d.","13 d., 27 d.","10 d., 24 d.","8 d., 22 d.","5 d., 19 d."
Nemenčinės ,Kabeliai,Antradienis,"13 d., 27 d.","10 d., 24 d.","10 d., 24 d.","7 d., 21 d.","5 d., 19 d.","2 d., 16 d., 30 d."
Nemenčinės ,Kalnabridžiai,Antradienis,"13 d., 27 d.","10 d., 24 d.","10 d., 24 d.","7 d., 21 d.","5 d., 19 d.","2 d., 16 d., 30 d."
Nemenčinės ,Kalnuotė I,Penktadienis,"2 d., 16 d., 30 d.","13 d., 27 d.","13 d., 27 d.","10 d., 24 d.","8 d., 22 d.","5 d., 19 d."
Nemenčinės ,Kalnuotė II,Penktadienis,"2 d., 16 d., 30 d.","13 d., 27 d.","13 d., 27 d.","10 d., 24 d.","8 d., 22 d.","5 d., 19 d."
Nemenčinės ,Kalnuotė IV,Penktadienis,"2 d., 16 d., 30 d.","13 d., 27 d.","13 d., 27 d.","10 d., 24 d.","8 d., 22 d.","5 d., 19 d."
Nemenčinės ,Kalnuotė VII,Penktadienis,"2 d., 16 d., 30 d.","13 d., 27 d.","13 d., 27 d.","10 d., 24 d.","8 d., 22 d.","5 d., 19 d."
Nemenčinės ,Kanciškės,Antradienis,"6 d., 20 d.","3 d., 17 d.","3 d., 17 d., 31 d.","14 d., 28 d.","12 d., 26 d.","9 d., 23 d."
Nemenčinės ,Karklinė,Antradienis,"6 d., 20 d.","3 d., 17 d.","3 d., 17 d., 31 d.","14 d., 28 d.","12 d., 26 d.","9 d., 23 d."
Nemenčinės ,Karveliškės,Ketvirtadienis,"8 d., 22 d.","5 d., 19 d.","5 d., 19 d.","2 d., 16 d., 30 d.","14 d., 28 d.","11 d., 25 d."
Nemenčinės ,Kreivalaužiai,Ketvirtadienis,"8 d., 22 d.","5 d., 19 d.","5 d., 19 d.","2 d., 16 d., 30 d.","14 d., 28 d.","11 d., 25 d."
Nemenčinės ,Krikščioniškės,Penktadienis,"2 d., 16 d., 30 d.","13 d., 27 d.","13 d., 27 d.","10 d., 24 d.","8 d., 22 d.","5 d., 19 d."
Nemenčinės ,Krisciškės,Antradienis,"13 d., 27 d.","10 d., 24 d.","10 d., 24 d.","7 d., 21 d.","5 d., 19 d.","2 d., 16 d., 30 d."
Nemenčinės ,Liepalotai,Antradienis,"6 d., 20 d.","3 d., 17 d.","3 d., 17 d., 31 d.","14 d., 28 d.","12 d., 26 d.","9 d., 23 d."
Nemenčinės ,Liubeliškės,Pirmadienis,"12 d., 26 d.","9 d., 23 d.","9 d., 23 d.","6 d., 20 d.","4 d., 18 d.","1 d., 15 d., 29 d."
Nemenčinės ,Liucionys,Antradienis,"6 d., 20 d.","3 d., 17 d.","3 d., 17 d., 31 d.","14 d., 28 d.","12 d., 26 d.","9 d., 23 d."
Nemenčinės ,Malūnas,Antradienis,"6 d., 20 d.","3 d., 17 d.","3 d., 17 d., 31 d.","14 d., 28 d.","12 d., 26 d.","9 d., 23 d."
Nemenčinės ,Martišiūnai,Antradienis,"6 d., 20 d.","3 d., 17 d.","3 d., 17 d., 31 d.","14 d., 28 d.","12 d., 26 d.","9 d., 23 d."
Nemenčinės ,Maskoliškės,Antradienis,"13 d., 27 d.","10 d., 24 d.","10 d., 24 d.","7 d., 21 d.","5 d., 19 d.","2 d., 16 d., 30 d."
Nemenčinės ,Mažiulėniškės,Antradienis,"6 d., 20 d.","3 d., 17 d.","3 d., 17 d., 31 d.","14 d., 28 d.","12 d., 26 d.","9 d., 23 d."
Nemenčinės ,Mažosios Kabiškės,Penktadienis,"2 d., 16 d., 30 d.","13 d., 27 d.","13 d., 27 d.","10 d., 24 d.","8 d., 22 d.","5 d., 19 d."
Nemenčinės ,Mėlenai,Penktadienis,"2 d., 16 d., 30 d.","13 d., 27 d.","13 d., 27 d.","10 d., 24 d.","8 d., 22 d.","5 d., 19 d."
Nemenčinės ,Meškonys,Penktadienis,"2 d., 16 d., 30 d.","13 d., 27 d.","13 d., 27 d.","10 d., 24 d.","8 d., 22 d.","5 d., 19 d."
Nemenčinės ,Mileikiai,Penktadienis,"2 d., 16 d., 30 d.","13 d., 27 d.","13 d., 27 d.","10 d., 24 d.","8 d., 22 d.","5 d., 19 d."
Nemenčinės ,Miškinėliai,Antradienis,"6 d., 20 d.","3 d., 17 d.","3 d., 17 d., 31 d.","14 d., 28 d.","12 d., 26 d.","9 d., 23 d."
Nemenčinės ,Miškiniai,Antradienis,"6 d., 20 d.","3 d., 17 d.","3 d., 17 d., 31 d.","14 d., 28 d.","12 d., 26 d.","9 d., 23 d."
Nemenčinės ,Mūrinė,Antradienis,"13 d., 27 d.","10 d., 24 d.","10 d., 24 d.","7 d., 21 d.","5 d., 19 d.","2 d., 16 d., 30 d."
Nemenčinės ,Naružlionys,Antradienis,"13 d., 27 d.","10 d., 24 d.","10 d., 24 d.","7 d., 21 d.","5 d., 19 d.","2 d., 16 d., 30 d."
Nemenčinės ,Naujasėdis,Antradienis,"6 d., 20 d.","3 d., 17 d.","3 d., 17 d., 31 d.","14 d., 28 d.","12 d., 26 d.","9 d., 23 d."
Nemenčinės ,Naujašinkis,Antradienis,"13 d., 27 d.","10 d., 24 d.","10 d., 24 d.","7 d., 21 d.","5 d., 19 d.","2 d., 16 d., 30 d."
Nemenčinės ,Nemenčinė II,Ketvirtadienis,"8 d., 22 d.","5 d., 19 d.","5 d., 19 d.","2 d., 16 d., 30 d.","14 d., 28 d.","11 d., 25 d."
Nemenčinės ,Novosadai,Penktadienis,"2 d., 16 d., 30 d.","13 d., 27 d.","13 d., 27 d.","10 d., 24 d.","8 d., 22 d.","5 d., 19 d."
Nemenčinės ,Pailgė,Antradienis,"6 d., 20 d.","3 d., 17 d.","3 d., 17 d., 31 d.","14 d., 28 d.","12 d., 26 d.","9 d., 23 d."
Nemenčinės ,Pakrauglė,Antradienis,"6 d., 20 d.","3 d., 17 d.","3 d., 17 d., 31 d.","14 d., 28 d.","12 d., 26 d.","9 d., 23 d."
Nemenčinės ,Pakryžė,Antradienis,"6 d., 20 d.","3 d., 17 d.","3 d., 17 d., 31 d.","14 d., 28 d.","12 d., 26 d.","9 d., 23 d."
Nemenčinės ,Petkeliškės,Antradienis,"13 d., 27 d.","10 d., 24 d.","10 d., 24 d.","7 d., 21 d.","5 d., 19 d.","2 d., 16 d., 30 d."
Nemenčinės ,Piliakalnis,Antradienis,"13 d., 27 d.","10 d., 24 d.","10 d., 24 d.","7 d., 21 d.","5 d., 19 d.","2 d., 16 d., 30 d."
Nemenčinės ,Plytinė,Antradienis,"13 d., 27 d.","10 d., 24 d.","10 d., 24 d.","7 d., 21 d.","5 d., 19 d.","2 d., 16 d., 30 d."
Nemenčinės ,Poškaičiai,Antradienis,"13 d., 27 d.","10 d., 24 d.","10 d., 24 d.","7 d., 21 d.","5 d., 19 d.","2 d., 16 d., 30 d."
Nemenčinės ,Prušinė,Antradienis,"13 d., 27 d.","10 d., 24 d.","10 d., 24 d.","7 d., 21 d.","5 d., 19 d.","2 d., 16 d., 30 d."
Nemenčinės ,Pučkalaukis,Penktadienis,"2 d., 16 d., 30 d.","13 d., 27 d.","13 d., 27 d.","10 d., 24 d.","8 d., 22 d.","5 d., 19 d."
Nemenčinės ,Pukliškės,Antradienis,"13 d., 27 d.","10 d., 24 d.","10 d., 24 d.","7 d., 21 d.","5 d., 19 d.","2 d., 16 d., 30 d."
Nemenčinės ,Puodžiūnai,Antradienis,"13 d., 27 d.","10 d., 24 d.","10 d., 24 d.","7 d., 21 d.","5 d., 19 d.","2 d., 16 d., 30 d."
Nemenčinės ,Pupiniškės,Antradienis,"13 d., 27 d.","10 d., 24 d.","10 d., 24 d.","7 d., 21 d.","5 d., 19 d.","2 d., 16 d., 30 d."
Nemenčinės ,Purnuškėliai,Nėra objektų,,,,,,
Nemenčinės ,Purnuškės,Penktadienis,"2 d., 16 d., 30 d.","13 d., 27 d.","13 d., 27 d.","10 d., 24 d.","8 d., 22 d.","5 d., 19 d."
Nemenčinės ,Radivoniškės,Antradienis,"6 d., 20 d.","3 d., 17 d.","3 d., 17 d., 31 d.","14 d., 28 d.","12 d., 26 d.","9 d., 23 d."
Nemenčinės ,Radžiuliai,Penktadienis,"2 d., 16 d., 30 d.","13 d., 27 d.","13 d., 27 d.","10 d., 24 d.","8 d., 22 d.","5 d., 19 d."
Nemenčinės,"S/B ""Legotė""",Penktadienis,"2 d., 16 d., 30 d.","13 d., 27 d.","13 d., 27 d.","10 d., 24 d.","8 d., 22 d.","5 d., 19 d."
Nemenčinės ,Ragūnai,Antradienis,"13 d., 27 d.","10 d., 24 d.","10 d., 24 d.","7 d., 21 d.","5 d., 19 d.","2 d., 16 d., 30 d."
Nemenčinės ,Raguvėlė,Antradienis,"6 d., 20 d.","3 d., 17 d.","3 d., 17 d., 31 d.","14 d., 28 d.","12 d., 26 d.","9 d., 23 d."
Nemenčinės ,Raudondvaris,Antradienis,"6 d., 20 d.","3 d., 17 d.","3 d., 17 d., 31 d.","14 d., 28 d.","12 d., 26 d.","9 d., 23 d."
Nemenčinės ,Raudonė,Antradienis,"6 d., 20 d.","3 d., 17 d.","3 d., 17 d., 31 d.","14 d., 28 d.","12 d., 26 d.","9 d., 23 d."
Nemenčinės ,Rėžiai,Antradienis,"13 d., 27 d.","10 d., 24 d.","10 d., 24 d.","7 d., 21 d.","5 d., 19 d.","2 d., 16 d., 30 d."
Nemenčinės ,Ryšininkas,Penktadienis,"2 d., 16 d., 30 d.","13 d., 27 d.","13 d., 27 d.","10 d., 24 d.","8 d., 22 d.","5 d., 19 d."
Nemenčinės ,Rudausiai,Antradienis,"6 d., 20 d.","3 d., 17 d.","3 d., 17 d., 31 d.","14 d., 28 d.","12 d., 26 d.","9 d., 23 d."
Nemenčinės ,Ružiškės,Antradienis,"6 d., 20 d.","3 d., 17 d.","3 d., 17 d., 31 d.","14 d., 28 d.","12 d., 26 d.","9 d., 23 d."
Nemenčinės ,Sabaliai,Antradienis,"13 d., 27 d.","10 d., 24 d.","10 d., 24 d.","7 d., 21 d.","5 d., 19 d.","2 d., 16 d., 30 d."
Nemenčinės ,Santaka,Antradienis,"6 d., 20 d.","3 d., 17 d.","3 d., 17 d., 31 d.","14 d., 28 d.","12 d., 26 d.","9 d., 23 d."
Nemenčinės ,Senkai,Penktadienis,"2 d., 16 d., 30 d.","13 d., 27 d.","13 d., 27 d.","10 d., 24 d.","8 d., 22 d.","5 d., 19 d."
Nemenčinės ,Sirvydiškės,Antradienis,"13 d., 27 d.","10 d., 24 d.","10 d., 24 d.","7 d., 21 d.","5 d., 19 d.","2 d., 16 d., 30 d."
Nemenčinės ,Sklėriškės,Antradienis,"6 d., 20 d.","3 d., 17 d.","3 d., 17 d., 31 d.","14 d., 28 d.","12 d., 26 d.","9 d., 23 d."
Nemenčinės ,Sliesoriškės,Antradienis,"6 d., 20 d.","3 d., 17 d.","3 d., 17 d., 31 d.","14 d., 28 d.","12 d., 26 d.","9 d., 23 d."
Nemenčinės ,Smoliarnė,Antradienis,"6 d., 20 d.","3 d., 17 d.","3 d., 17 d., 31 d.","14 d., 28 d.","12 d., 26 d.","9 d., 23 d."
Nemenčinės ,Strapa,Antradienis,"6 d., 20 d.","3 d., 17 d.","3 d., 17 d., 31 d.","14 d., 28 d.","12 d., 26 d.","9 d., 23 d."
Nemenčinės ,Stripūnai,Antradienis,"6 d., 20 d.","3 d., 17 d.","3 d., 17 d., 31 d.","14 d., 28 d.","12 d., 26 d.","9 d., 23 d."
Nemenčinės ,Šarkiškės,Penktadienis,"2 d., 16 d., 30 d.","13 d., 27 d.","13 d., 27 d.","10 d., 24 d.","8 d., 22 d.","5 d., 19 d."
Nemenčinės ,Šliaumiškės,Penktadienis,"2 d., 16 d., 30 d.","13 d., 27 d.","13 d., 27 d.","10 d., 24 d.","8 d., 22 d.","5 d., 19 d."
Nemenčinės ,Tuščiauliai,Penktadienis,"2 d., 16 d., 30 d.","13 d., 27 d.","13 d., 27 d.","10 d., 24 d.","8 d., 22 d.","5 d., 19 d."
Nemenčinės ,Unėniškės,Antradienis,"6 d., 20 d.","3 d., 17 d.","3 d., 17 d., 31 d.","14 d., 28 d.","12 d., 26 d.","9 d., 23 d."
Nemenčinės ,Vainiškės,Penktadienis,"2 d., 16 d., 30 d.","13 d., 27 d.","13 d., 27 d.","10 d., 24 d.","8 d., 22 d.","5 d., 19 d."
Nemenčinės ,Voskonys,Antradienis,"6 d., 20 d.","3 d., 17 d.","3 d., 17 d., 31 d.","14 d., 28 d.","12 d., 26 d.","9 d., 23 d."
Nemenčinės ,Vilkaraistis,Antradienis,"6 d., 20 d.","3 d., 17 d.","3 d., 17 d., 31 d.","14 d., 28 d.","12 d., 26 d.","9 d., 23 d."
Nemenčinės ,Zatišius,Antradienis,"6 d., 20 d.","3 d., 17 d.","3 d., 17 d., 31 d.","14 d., 28 d.","12 d., 26 d.","9 d., 23 d."
Nemenčinės ,Žarniškės,Antradienis,"13 d., 27 d.","10 d., 24 d.","10 d., 24 d.","7 d., 21 d.","5 d., 19 d.","2 d., 16 d., 30 d."
Nemenčinės ,Žukonys,Antradienis,"6 d., 20 d.","3 d., 17 d.","3 d., 17 d., 31 d.","14 d., 28 d.","12 d., 26 d.","9 d., 23 d."
Nemenčinės mst. ,"Nemenčinės mst. (Lankštingalų g., Upelio g.,Švenčionių g., A.Naruševičiaus g., A.Kitkaus g., Skardžio g., Bažnyčios g., M.K. Oginskio g., Piliakalnio g., Pieninės g., Trumpoji g., A.Mickevičiaus g., Ežero g., Smėlio g., Grybų g., Pušų g., Vasaros g., Mokyklos g., Montažinės g., Molėtiškių g., Pievų g., Kranto g., T.Kosciuškos g., Lauko g. Piliakalnio skg., Briedžių g., Malūnų g. )",Ketvirtadienis,"1 d., 15 d., 29 d.","12 d., 26 d.","12 d., 26 d.","9 d., 23 d.","7 d., 21 d.","4 d., 18 d."
Nemenčinės mst. ,"Nemenčinės mst. (Kalno g., Pakalnės g., Užupio g., Vėtrungės g.m, Statybininkų g., Kosmonautų g., Šilo g., Vilniaus g., Saulėtekio g., Miško g., Neries g., Arklių g., A. Mickevičiaus g. nuo 55 namo, Veterinarijos g., Kranto g.)",Ketvirtadienis,"8 d., 22 d.","5 d., 19 d.","5 d., 19 d.","2 d., 16 d., 30 d.","14 d., 28 d.","11 d., 25 d."
Maišiagalos,Antanavas,Penktadienis,"9 d., 23 d.","6 d., 20 d.","6 d., 20 d.","3 d., 17 d.","1 d., 15 d., 29 d.","12 d., 26 d."
Maišiagalos,Ąžuolynė,Ketvirtadienis,"8 d., 22 d.","5 d., 19 d.","5 d., 19 d.","2 d., 16 d., 30 d.","14 d., 28 d.","11 d., 25 d."
Maišiagalos,Daučioniukai,Ketvirtadienis,"8 d., 22 d.","5 d., 19 d.","5 d., 19 d.","2 d., 16 d., 30 d.","14 d., 28 d.","11 d., 25 d."
Maišiagalos,Daučionys,Ketvirtadienis,"8 d., 22 d.","5 d., 19 d.","5 d., 19 d.","2 d., 16 d., 30 d.","14 d., 28 d.","11 d., 25 d."
Maišiagalos,Dūkšteliai,Ketvirtadienis,"8 d., 22 d.","5 d., 19 d.","5 d., 19 d.","2 d., 16 d., 30 d.","14 d., 28 d.","11 d., 25 d."
Maišiagalos,Eiliokiškės,Ketvirtadienis,"8 d., 22 d.","5 d., 19 d.","5 d., 19 d.","2 d., 16 d., 30 d.","14 d., 28 d.","11 d., 25 d."
Maišiagalos,Gailašiai,Ketvirtadienis,"8 d., 22 d.","5 d., 19 d.","5 d., 19 d.","2 d., 16 d., 30 d.","14 d., 28 d.","11 d., 25 d."
Maišiagalos,Giedraitiškės,Penktadienis,"9 d., 23 d.","6 d., 20 d.","6 d., 20 d.","3 d., 17 d.","1 d., 15 d., 29 d.","12 d., 26 d."
Maišiagalos,Glatkiškės,Penktadienis,"9 d., 23 d.","6 d., 20 d.","6 d., 20 d.","3 d., 17 d.","1 d., 15 d., 29 d.","12 d., 26 d."
Maišiagalos,Gudeliai,Ketvirtadienis,"8 d., 22 d.","5 d., 19 d.","5 d., 19 d.","2 d., 16 d., 30 d.","14 d., 28 d.","11 d., 25 d."
Maišiagalos,Gudelių Plytinė,Ketvirtadienis,"8 d., 22 d.","5 d., 19 d.","5 d., 19 d.","2 d., 16 d., 30 d.","14 d., 28 d.","11 d., 25 d."
Maišiagalos,Justiniškės,Ketvirtadienis,"8 d., 22 d.","5 d., 19 d.","5 d., 19 d.","2 d., 16 d., 30 d.","14 d., 28 d.","11 d., 25 d."
Maišiagalos,Juškonys,Ketvirtadienis,"8 d., 22 d.","5 d., 19 d.","5 d., 19 d.","2 d., 16 d., 30 d.","14 d., 28 d.","11 d., 25 d."
Maišiagalos,Kalniškės,Penktadienis,"9 d., 23 d.","6 d., 20 d.","6 d., 20 d.","3 d., 17 d.","1 d., 15 d., 29 d.","12 d., 26 d."
Maišiagalos,Kalikstiškiai,Penktadienis,"9 d., 23 d.","6 d., 20 d.","6 d., 20 d.","3 d., 17 d.","1 d., 15 d., 29 d.","12 d., 26 d."
Maišiagalos,Karklynė,Ketvirtadienis,"8 d., 22 d.","5 d., 19 d.","5 d., 19 d.","2 d., 16 d., 30 d.","14 d., 28 d.","11 d., 25 d."
Maišiagalos,Kartaniškės,Ketvirtadienis,"8 d., 22 d.","5 d., 19 d.","5 d., 19 d.","2 d., 16 d., 30 d.","14 d., 28 d.","11 d., 25 d."
Maišiagalos,Karvys,Penktadienis,"9 d., 23 d.","6 d., 20 d.","6 d., 20 d.","3 d., 17 d.","1 d., 15 d., 29 d.","12 d., 26 d."
Maišiagalos,Kiemeliai,Penktadienis,"2 d., 16 d., 30 d.","13 d., 27 d.","13 d., 27 d.","10 d., 24 d.","8 d., 22 d.","5 d., 19 d."
Maišiagalos,Kirzinė,Ketvirtadienis,"8 d., 22 d.","5 d., 19 d.","5 d., 19 d.","2 d., 16 d., 30 d.","14 d., 28 d.","11 d., 25 d."
Maišiagalos,Kramniškės,Ketvirtadienis,"8 d., 22 d.","5 d., 19 d.","5 d., 19 d.","2 d., 16 d., 30 d.","14 d., 28 d.","11 d., 25 d."
Maišiagalos,Kreiviai,Ketvirtadienis,"8 d., 22 d.","5 d., 19 d.","5 d., 19 d.","2 d., 16 d., 30 d.","14 d., 28 d.","11 d., 25 d."
Maišiagalos,Maišiagala,Ketvirtadienis,"1 d., 15 d., 29 d.","12 d., 26 d.","12 d., 26 d.","9 d., 23 d.","7 d., 21 d.","4 d., 18 d."
Maišiagalos,Mazūriškės,Penktadienis,"9 d., 23 d.","6 d., 20 d.","6 d., 20 d.","3 d., 17 d.","1 d., 15 d., 29 d.","12 d., 26 d."
Maišiagalos,Melkys (A.Giedraičio g.),Ketvirtadienis,"8 d., 22 d.","5 d., 19 d.","5 d., 19 d.","2 d., 16 d., 30 d.","14 d., 28 d.","11 d., 25 d."
Maišiagalos,Melkys,Penktadienis,"9 d., 23 d.","6 d., 20 d.","6 d., 20 d.","3 d., 17 d.","1 d., 15 d., 29 d.","12 d., 26 d."
Maišiagalos,Obelinė,Ketvirtadienis,"8 d., 22 d.","5 d., 19 d.","5 d., 19 d.","2 d., 16 d., 30 d.","14 d., 28 d.","11 d., 25 d."
Maišiagalos,Paežeriai,Ketvirtadienis,"8 d., 22 d.","5 d., 19 d.","5 d., 19 d.","2 d., 16 d., 30 d.","14 d., 28 d.","11 d., 25 d."
Maišiagalos,Pagailašiai,Ketvirtadienis,"8 d., 22 d.","5 d., 19 d.","5 d., 19 d.","2 d., 16 d., 30 d.","14 d., 28 d.","11 d., 25 d."
Maišiagalos,Pašurnė,Ketvirtadienis,"8 d., 22 d.","5 d., 19 d.","5 d., 19 d.","2 d., 16 d., 30 d.","14 d., 28 d.","11 d., 25 d."
Maišiagalos,Pavilnojys,Ketvirtadienis,"1 d., 15 d., 29 d.","12 d., 26 d.","12 d., 26 d.","9 d., 23 d.","7 d., 21 d.","4 d., 18 d."
Maišiagalos,Pavydokai,Ketvirtadienis,"8 d., 22 d.","5 d., 19 d.","5 d., 19 d.","2 d., 16 d., 30 d.","14 d., 28 d.","11 d., 25 d."
Maišiagalos,Saugūniškės,Ketvirtadienis,"8 d., 22 d.","5 d., 19 d.","5 d., 19 d.","2 d., 16 d., 30 d.","14 d., 28 d.","11 d., 25 d."
Maišiagalos,Skauduliškės,Ketvirtadienis,"8 d., 22 d.","5 d., 19 d.","5 d., 19 d.","2 d., 16 d., 30 d.","14 d., 28 d.","11 d., 25 d."
Maišiagalos,Skrudėnai,Ketvirtadienis,"8 d., 22 d.","5 d., 19 d.","5 d., 19 d.","2 d., 16 d., 30 d.","14 d., 28 d.","11 d., 25 d."
Maišiagalos,Tačilavas,Ketvirtadienis,"8 d., 22 d.","5 d., 19 d.","5 d., 19 d.","2 d., 16 d., 30 d.","14 d., 28 d.","11 d., 25 d."
Maišiagalos,Tarailiškės,Ketvirtadienis,"8 d., 22 d.","5 d., 19 d.","5 d., 19 d.","2 d., 16 d., 30 d.","14 d., 28 d.","11 d., 25 d."
Maišiagalos,Užukarviškės,Ketvirtadienis,"8 d., 22 d.","5 d., 19 d.","5 d., 19 d.","2 d., 16 d., 30 d.","14 d., 28 d.","11 d., 25 d."
Maišiagalos,Žudiškės,Penktadienis,"9 d., 23 d.","6 d., 20 d.","6 d., 20 d.","3 d., 17 d.","1 d., 15 d., 29 d.","12 d., 26 d."
Paberžės,Adomaičiai,Antradienis,"6 d., 20 d.","3 d., 17 d.","3 d., 17 d., 31 d.","14 d., 28 d.","12 d., 26 d.","9 d., 23 d."
Paberžės,Agrastinė,Antradienis,"6 d., 20 d.","3 d., 17 d.","3 d., 17 d., 31 d.","14 d., 28 d.","12 d., 26 d.","9 d., 23 d."
Paberžės,Akmena (k.),Ketvirtadienis,"1 d., 15 d., 29 d.","12 d., 26 d.","12 d., 26 d.","9 d., 23 d.","7 d., 21 d.","4 d., 18 d."
Paberžės,Akmenėlė,Antradienis,"6 d., 20 d.","3 d., 17 d.","3 d., 17 d., 31 d.","14 d., 28 d.","12 d., 26 d.","9 d., 23 d."
Paberžės,Alksninė,Ketvirtadienis,"8 d., 22 d.","5 d., 19 d.","5 d., 19 d.","2 d., 16 d., 30 d.","14 d., 28 d.","11 d., 25 d."
Paberžės,Anavilis,Antradienis,"6 d., 20 d.","3 d., 17 d.","3 d., 17 d., 31 d.","14 d., 28 d.","12 d., 26 d.","9 d., 23 d."
Paberžės,Arliškės,Antradienis,"6 d., 20 d.","3 d., 17 d.","3 d., 17 d., 31 d.","14 d., 28 d.","12 d., 26 d.","9 d., 23 d."
Paberžės,Baboniškės,Ketvirtadienis,"8 d., 22 d.","5 d., 19 d.","5 d., 19 d.","2 d., 16 d., 30 d.","14 d., 28 d.","11 d., 25 d."
Paberžės,Babriškės,Ketvirtadienis,"8 d., 22 d.","5 d., 19 d.","5 d., 19 d.","2 d., 16 d., 30 d.","14 d., 28 d.","11 d., 25 d."
Paberžės,Bačiuliai,Antradienis,"6 d., 20 d.","3 d., 17 d.","3 d., 17 d., 31 d.","14 d., 28 d.","12 d., 26 d.","9 d., 23 d."
Paberžės,Balkūnai,Antradienis,"6 d., 20 d.","3 d., 17 d.","3 d., 17 d., 31 d.","14 d., 28 d.","12 d., 26 d.","9 d., 23 d."
Paberžės,Baronėliai (vs.),Ketvirtadienis,"1 d., 15 d., 29 d.","12 d., 26 d.","12 d., 26 d.","9 d., 23 d.","7 d., 21 d.","4 d., 18 d."
Paberžės,Batriškės,Antradienis,"6 d., 20 d.","3 d., 17 d.","3 d., 17 d., 31 d.","14 d., 28 d.","12 d., 26 d.","9 d., 23 d."
Paberžės,Beinoriškės,Antradienis,"6 d., 20 d.","3 d., 17 d.","3 d., 17 d., 31 d.","14 d., 28 d.","12 d., 26 d.","9 d., 23 d."
Paberžės,Bradiškės,Ketvirtadienis,"8 d., 22 d.","5 d., 19 d.","5 d., 19 d.","2 d., 16 d., 30 d.","14 d., 28 d.","11 d., 25 d."
Paberžės,Burkila,Ketvirtadienis,"1 d., 15 d., 29 d.","12 d., 26 d.","12 d., 26 d.","9 d., 23 d.","7 d., 21 d.","4 d., 18 d."
Paberžės,Čekonys,Antradienis,"6 d., 20 d.","3 d., 17 d.","3 d., 17 d., 31 d.","14 d., 28 d.","12 d., 26 d.","9 d., 23 d."
Paberžės,Dimša,Ketvirtadienis,"1 d., 15 d., 29 d.","12 d., 26 d.","12 d., 26 d.","9 d., 23 d.","7 d., 21 d.","4 d., 18 d."
Paberžės,Dirmeitai,Antradienis,"13 d., 27 d.","10 d., 24 d.","10 d., 24 d.","7 d., 21 d.","5 d., 19 d.","2 d., 16 d., 30 d."
Paberžės,Gaukeliškės,Antradienis,"6 d., 20 d.","3 d., 17 d.","3 d., 17 d., 31 d.","14 d., 28 d.","12 d., 26 d.","9 d., 23 d."
Paberžės,Gauriliškės,Antradienis,"13 d., 27 d.","10 d., 24 d.","10 d., 24 d.","7 d., 21 d.","5 d., 19 d.","2 d., 16 d., 30 d."
Paberžės,Gaveikiai,Antradienis,"13 d., 27 d.","10 d., 24 d.","10 d., 24 d.","7 d., 21 d.","5 d., 19 d.","2 d., 16 d., 30 d."
Paberžės,Gegužiškės,Antradienis,"13 d., 27 d.","10 d., 24 d.","10 d., 24 d.","7 d., 21 d.","5 d., 19 d.","2 d., 16 d., 30 d."
Paberžės,Giruliai,Ketvirtadienis,"1 d., 15 d., 29 d.","12 d., 26 d.","12 d., 26 d.","9 d., 23 d.","7 d., 21 d.","4 d., 18 d."
Paberžės,Glitiškės,Ketvirtadienis,"1 d., 15 d., 29 d.","12 d., 26 d.","12 d., 26 d.","9 d., 23 d.","7 d., 21 d.","4 d., 18 d."
Paberžės,Gudamedis,Ketvirtadienis,"8 d., 22 d.","5 d., 19 d.","5 d., 19 d.","2 d., 16 d., 30 d.","14 d., 28 d.","11 d., 25 d."
Paberžės,Gruodžiai,Antradienis,"13 d., 27 d.","10 d., 24 d.","10 d., 24 d.","7 d., 21 d.","5 d., 19 d.","2 d., 16 d., 30 d."
Paberžės,Gudoniškės (k.),Penktadienis,"2 d., 16 d., 30 d.","13 d., 27 d.","13 d., 27 d.","10 d., 24 d.","8 d., 22 d.","5 d., 19 d."
Paberžės,Jakubonys,Antradienis,"13 d., 27 d.","10 d., 24 d.","10 d., 24 d.","7 d., 21 d.","5 d., 19 d.","2 d., 16 d., 30 d."
Paberžės,Jankiškės,Antradienis,"13 d., 27 d.","10 d., 24 d.","10 d., 24 d.","7 d., 21 d.","5 d., 19 d.","2 d., 16 d., 30 d."
Paberžės,Januvka,Antradienis,"6 d., 20 d.","3 d., 17 d.","3 d., 17 d., 31 d.","14 d., 28 d.","12 d., 26 d.","9 d., 23 d."
Paberžės,Juodonys,Ketvirtadienis,"1 d., 15 d., 29 d.","12 d., 26 d.","12 d., 26 d.","9 d., 23 d.","7 d., 21 d.","4 d., 18 d."
Paberžės,Kadariškės,Antradienis,"13 d., 27 d.","10 d., 24 d.","10 d., 24 d.","7 d., 21 d.","5 d., 19 d.","2 d., 16 d., 30 d."
Paberžės,Kaniūkai,Ketvirtadienis,"1 d., 15 d., 29 d.","12 d., 26 d.","12 d., 26 d.","9 d., 23 d.","7 d., 21 d.","4 d., 18 d."
Paberžės,Kaušiadala,Ketvirtadienis,"8 d., 22 d.","5 d., 19 d.","5 d., 19 d.","2 d., 16 d., 30 d.","14 d., 28 d.","11 d., 25 d."
Paberžės,Kazimieravas,Antradienis,"6 d., 20 d.","3 d., 17 d.","3 d., 17 d., 31 d.","14 d., 28 d.","12 d., 26 d.","9 d., 23 d."
Paberžės,Kralikiškės,Antradienis,"6 d., 20 d.","3 d., 17 d.","3 d., 17 d., 31 d.","14 d., 28 d.","12 d., 26 d.","9 d., 23 d."
Paberžės,Kudriai,Antradienis,"6 d., 20 d.","3 d., 17 d.","3 d., 17 d., 31 d.","14 d., 28 d.","12 d., 26 d.","9 d., 23 d."
Paberžės,Lėliai,Antradienis,"6 d., 20 d.","3 d., 17 d.","3 d., 17 d., 31 d.","14 d., 28 d.","12 d., 26 d.","9 d., 23 d."
Paberžės,Ličiūnai,Ketvirtadienis,"1 d., 15 d., 29 d.","12 d., 26 d.","12 d., 26 d.","9 d., 23 d.","7 d., 21 d.","4 d., 18 d."
Paberžės,Linkainys,Ketvirtadienis,"1 d., 15 d., 29 d.","12 d., 26 d.","12 d., 26 d.","9 d., 23 d.","7 d., 21 d.","4 d., 18 d."
Paberžės,Liutika,Antradienis,"6 d., 20 d.","3 d., 17 d.","3 d., 17 d., 31 d.","14 d., 28 d.","12 d., 26 d.","9 d., 23 d."
Paberžės,Lygialaukis,Antradienis,"6 d., 20 d.","3 d., 17 d.","3 d., 17 d., 31 d.","14 d., 28 d.","12 d., 26 d.","9 d., 23 d."
Paberžės,Loviai,Antradienis,"6 d., 20 d.","3 d., 17 d.","3 d., 17 d., 31 d.","14 d., 28 d.","12 d., 26 d.","9 d., 23 d."
Paberžės,Makučiai,Antradienis,"6 d., 20 d.","3 d., 17 d.","3 d., 17 d., 31 d.","14 d., 28 d.","12 d., 26 d.","9 d., 23 d."
Paberžės,Makučiukai,Antradienis,"6 d., 20 d.","3 d., 17 d.","3 d., 17 d., 31 d.","14 d., 28 d.","12 d., 26 d.","9 d., 23 d."
Paberžės,Margeliškės,Ketvirtadienis,"8 d., 22 d.","5 d., 19 d.","5 d., 19 d.","2 d., 16 d., 30 d.","14 d., 28 d.","11 d., 25 d."
Paberžės,Marijampolės,Antradienis,"6 d., 20 d.","3 d., 17 d.","3 d., 17 d., 31 d.","14 d., 28 d.","12 d., 26 d.","9 d., 23 d."
Paberžės,Maseliškės,Ketvirtadienis,"1 d., 15 d., 29 d.","12 d., 26 d.","12 d., 26 d.","9 d., 23 d.","7 d., 21 d.","4 d., 18 d."
Paberžės,Medynai,Ketvirtadienis,"1 d., 15 d., 29 d.","12 d., 26 d.","12 d., 26 d.","9 d., 23 d.","7 d., 21 d.","4 d., 18 d."
Paberžės,Miškiniai (k.),Antradienis,"6 d., 20 d.","3 d., 17 d.","3 d., 17 d., 31 d.","14 d., 28 d.","12 d., 26 d.","9 d., 23 d."
Paberžės,Mitkuškiai,Antradienis,"6 d., 20 d.","3 d., 17 d.","3 d., 17 d., 31 d.","14 d., 28 d.","12 d., 26 d.","9 d., 23 d."
Paberžės,Momakalnis,Ketvirtadienis,"1 d., 15 d., 29 d.","12 d., 26 d.","12 d., 26 d.","9 d., 23 d.","7 d., 21 d.","4 d., 18 d."
Paberžės,Nakštiškės,Ketvirtadienis,"1 d., 15 d., 29 d.","12 d., 26 d.","12 d., 26 d.","9 d., 23 d.","7 d., 21 d.","4 d., 18 d."
Paberžės,Nakštiškių Petriškės,Ketvirtadienis,"1 d., 15 d., 29 d.","12 d., 26 d.","12 d., 26 d.","9 d., 23 d.","7 d., 21 d.","4 d., 18 d."
Paberžės,Nevardai,Penktadienis,"2 d., 16 d., 30 d.","13 d., 27 d.","13 d., 27 d.","10 d., 24 d.","8 d., 22 d.","5 d., 19 d."
Paberžės,Nugarikės,Antradienis,"13 d., 27 d.","10 d., 24 d.","10 d., 24 d.","7 d., 21 d.","5 d., 19 d.","2 d., 16 d., 30 d."
Paberžės,Obelynė,Antradienis,"6 d., 20 d.","3 d., 17 d.","3 d., 17 d., 31 d.","14 d., 28 d.","12 d., 26 d.","9 d., 23 d."
Paberžės,Paąžuoliai,Ketvirtadienis,"8 d., 22 d.","5 d., 19 d.","5 d., 19 d.","2 d., 16 d., 30 d.","14 d., 28 d.","11 d., 25 d."
Paberžės,Paberžė,Ketvirtadienis,"1 d., 15 d., 29 d.","12 d., 26 d.","12 d., 26 d.","9 d., 23 d.","7 d., 21 d.","4 d., 18 d."
Paberžės,Paberžinė,Antradienis,"6 d., 20 d.","3 d., 17 d.","3 d., 17 d., 31 d.","14 d., 28 d.","12 d., 26 d.","9 d., 23 d."
Paberžės,Padvariškės,Ketvirtadienis,"8 d., 22 d.","5 d., 19 d.","5 d., 19 d.","2 d., 16 d., 30 d.","14 d., 28 d.","11 d., 25 d."
Paberžės,Paežeriai,Antradienis,"6 d., 20 d.","3 d., 17 d.","3 d., 17 d., 31 d.","14 d., 28 d.","12 d., 26 d.","9 d., 23 d."
Paberžės,Paguva,Nėra objektų,,,,,,
Paberžės,Pajoniškės,Antradienis,"6 d., 20 d.","3 d., 17 d.","3 d., 17 d., 31 d.","14 d., 28 d.","12 d., 26 d.","9 d., 23 d."
Paberžės,Pjūnėliai,Nėra objektų,,,,,,
Paberžės,Paraisčiai,Ketvirtadienis,"1 d., 15 d., 29 d.","12 d., 26 d.","12 d., 26 d.","9 d., 23 d.","7 d., 21 d.","4 d., 18 d."
Paberžės,Pauolia,Nėra objektų,,,,,,
Paberžės,Pavarpiai,Antradienis,"6 d., 20 d.","3 d., 17 d.","3 d., 17 d., 31 d.","14 d., 28 d.","12 d., 26 d.","9 d., 23 d."
Paberžės,Pavyžulionėlė,Antradienis,"13 d., 27 d.","10 d., 24 d.","10 d., 24 d.","7 d., 21 d.","5 d., 19 d.","2 d., 16 d., 30 d."
Paberžės,Pertiškės,Nėra objektų,,,,,,
Paberžės,Perūnai,Antradienis,"6 d., 20 d.","3 d., 17 d.","3 d., 17 d., 31 d.","14 d., 28 d.","12 d., 26 d.","9 d., 23 d."
Paberžės,Pervainiškės,Antradienis,"6 d., 20 d.","3 d., 17 d.","3 d., 17 d., 31 d.","14 d., 28 d.","12 d., 26 d.","9 d., 23 d."
Paberžės,Petručiai,Pirmadienis,"12 d., 26 d.","9 d., 23 d.","9 d., 23 d.","6 d., 20 d.","4 d., 18 d.","1 d., 15 d., 29 d."
Paberžės,Pociūnai,Ketvirtadienis,"1 d., 15 d., 29 d.","12 d., 26 d.","12 d., 26 d.","9 d., 23 d.","7 d., 21 d.","4 d., 18 d."
Paberžės,Pogroniškės,Ketvirtadienis,"1 d., 15 d., 29 d.","12 d., 26 d.","12 d., 26 d.","9 d., 23 d.","7 d., 21 d.","4 d., 18 d."
Paberžės,Pustilta,Ketvirtadienis,"1 d., 15 d., 29 d.","12 d., 26 d.","12 d., 26 d.","9 d., 23 d.","7 d., 21 d.","4 d., 18 d."
Paberžės,Ratališkės,Antradienis,"6 d., 20 d.","3 d., 17 d.","3 d., 17 d., 31 d.","14 d., 28 d.","12 d., 26 d.","9 d., 23 d."
Paberžės,Raudonė,Ketvirtadienis,"1 d., 15 d., 29 d.","12 d., 26 d.","12 d., 26 d.","9 d., 23 d.","7 d., 21 d.","4 d., 18 d."
Paberžės,Regeniškės,Nėra objektų,,,,,,
Paberžės,Rokai,Nėra objektų,,,,,,
Paberžės,Rudokai,Ketvirtadienis,"1 d., 15 d., 29 d.","12 d., 26 d.","12 d., 26 d.","9 d., 23 d.","7 d., 21 d.","4 d., 18 d."
Paberžės,Rūdupiai,Antradienis,"6 d., 20 d.","3 d., 17 d.","3 d., 17 d., 31 d.","14 d., 28 d.","12 d., 26 d.","9 d., 23 d."
Paberžės,Ružampolis,Antradienis,"6 d., 20 d.","3 d., 17 d.","3 d., 17 d., 31 d.","14 d., 28 d.","12 d., 26 d.","9 d., 23 d."
Paberžės,Santaka,Ketvirtadienis,"1 d., 15 d., 29 d.","12 d., 26 d.","12 d., 26 d.","9 d., 23 d.","7 d., 21 d.","4 d., 18 d."
Paberžės,Senkai,Antradienis,"6 d., 20 d.","3 d., 17 d.","3 d., 17 d., 31 d.","14 d., 28 d.","12 d., 26 d.","9 d., 23 d."
Paberžės,Sidabriai,Antradienis,"13 d., 27 d.","10 d., 24 d.","10 d., 24 d.","7 d., 21 d.","5 d., 19 d.","2 d., 16 d., 30 d."
Paberžės,Skliausčiai,Ketvirtadienis,"1 d., 15 d., 29 d.","12 d., 26 d.","12 d., 26 d.","9 d., 23 d.","7 d., 21 d.","4 d., 18 d."
Paberžės,Smaguriškės,Ketvirtadienis,"1 d., 15 d., 29 d.","12 d., 26 d.","12 d., 26 d.","9 d., 23 d.","7 d., 21 d.","4 d., 18 d."
Paberžės,Smilgiai,Ketvirtadienis,"1 d., 15 d., 29 d.","12 d., 26 d.","12 d., 26 d.","9 d., 23 d.","7 d., 21 d.","4 d., 18 d."
Paberžės,Smilgynė,Ketvirtadienis,"1 d., 15 d., 29 d.","12 d., 26 d.","12 d., 26 d.","9 d., 23 d.","7 d., 21 d.","4 d., 18 d."
Paberžės,Spiegliai,Antradienis,"6 d., 20 d.","3 d., 17 d.","3 d., 17 d., 31 d.","14 d., 28 d.","12 d., 26 d.","9 d., 23 d."
Paberžės,Spreiniai,Antradienis,"6 d., 20 d.","3 d., 17 d.","3 d., 17 d., 31 d.","14 d., 28 d.","12 d., 26 d.","9 d., 23 d."
Paberžės,Stališkės,Ketvirtadienis,"1 d., 15 d., 29 d.","12 d., 26 d.","12 d., 26 d.","9 d., 23 d.","7 d., 21 d.","4 d., 18 d."
Paberžės,Šepečiai,Antradienis,"13 d., 27 d.","10 d., 24 d.","10 d., 24 d.","7 d., 21 d.","5 d., 19 d.","2 d., 16 d., 30 d."
Paberžės,Šernai,Pirmadienis,"5 d., 19 d.","2 d., 16 d.","2 d., 16 d., 30 d.","13 d., 27 d.","11 d., 25 d.","8 d., 22 d."
Paberžės,Šiulpiškės,Antradienis,"13 d., 27 d.","10 d., 24 d.","10 d., 24 d.","7 d., 21 d.","5 d., 19 d.","2 d., 16 d., 30 d."
Paberžės,Šluiniškės,Antradienis,"6 d., 20 d.","3 d., 17 d.","3 d., 17 d., 31 d.","14 d., 28 d.","12 d., 26 d.","9 d., 23 d."
Paberžės,Šriubiškės,Antradienis,"13 d., 27 d.","10 d., 24 d.","10 d., 24 d.","7 d., 21 d.","5 d., 19 d.","2 d., 16 d., 30 d."
Paberžės,Šuneliai,Antradienis,"6 d., 20 d.","3 d., 17 d.","3 d., 17 d., 31 d.","14 d., 28 d.","12 d., 26 d.","9 d., 23 d."
Paberžės,Toleikiai,Antradienis,"6 d., 20 d.","3 d., 17 d.","3 d., 17 d., 31 d.","14 d., 28 d.","12 d., 26 d.","9 d., 23 d."
Paberžės,Tumonys,Antradienis,"6 d., 20 d.","3 d., 17 d.","3 d., 17 d., 31 d.","14 d., 28 d.","12 d., 26 d.","9 d., 23 d."
Paberžės,Vaitkūnai,Antradienis,"6 d., 20 d.","3 d., 17 d.","3 d., 17 d., 31 d.","14 d., 28 d.","12 d., 26 d.","9 d., 23 d."
Paberžės,Varniškės,Antradienis,"6 d., 20 d.","3 d., 17 d.","3 d., 17 d., 31 d.","14 d., 28 d.","12 d., 26 d.","9 d., 23 d."
Paberžės,Versminė,Ketvirtadienis,"1 d., 15 d., 29 d.","12 d., 26 d.","12 d., 26 d.","9 d., 23 d.","7 d., 21 d.","4 d., 18 d."
Paberžės,Vibrantiškės,Antradienis,"6 d., 20 d.","3 d., 17 d.","3 d., 17 d., 31 d.","14 d., 28 d.","12 d., 26 d.","9 d., 23 d."
Paberžės,Vilkiškės,Antradienis,"6 d., 20 d.","3 d., 17 d.","3 d., 17 d., 31 d.","14 d., 28 d.","12 d., 26 d.","9 d., 23 d."
Paberžės,Vilniškės,Ketvirtadienis,"1 d., 15 d., 29 d.","12 d., 26 d.","12 d., 26 d.","9 d., 23 d.","7 d., 21 d.","4 d., 18 d."
Paberžės,Visalaukė,Antradienis,"6 d., 20 d.","3 d., 17 d.","3 d., 17 d., 31 d.","14 d., 28 d.","12 d., 26 d.","9 d., 23 d."
Paberžės,Visalaukė I,Antradienis,"6 d., 20 d.","3 d., 17 d.","3 d., 17 d., 31 d.","14 d., 28 d.","12 d., 26 d.","9 d., 23 d."
Paberžės,Vitkai,Antradienis,"6 d., 20 d.","3 d., 17 d.","3 d., 17 d., 31 d.","14 d., 28 d.","12 d., 26 d.","9 d., 23 d."
Paberžės,Vyžulionys,Antradienis,"13 d., 27 d.","10 d., 24 d.","10 d., 24 d.","7 d., 21 d.","5 d., 19 d.","2 d., 16 d., 30 d."
Paberžės,Vyžuniškės,Ketvirtadienis,"1 d., 15 d., 29 d.","12 d., 26 d.","12 d., 26 d.","9 d., 23 d.","7 d., 21 d.","4 d., 18 d."
Paberžės,Žėkiškės,Ketvirtadienis,"1 d., 15 d., 29 d.","12 d., 26 d.","12 d., 26 d.","9 d., 23 d.","7 d., 21 d.","4 d., 18 d."
Paberžės,Žemaitėliai,Penktadienis,"2 d., 16 d., 30 d.","13 d., 27 d.","13 d., 27 d.","10 d., 24 d.","8 d., 22 d.","5 d., 19 d."
Paberžės,Žilviškės,Ketvirtadienis,"1 d., 15 d., 29 d.","12 d., 26 d.","12 d., 26 d.","9 d., 23 d.","7 d., 21 d.","4 d., 18 d."
Riešės,Asiūklė,Penktadienis,"9 d., 23 d.","6 d., 20 d.","6 d., 20 d.","3 d., 17 d.","1 d., 15 d., 29 d.","12 d., 26 d."
Riešės,Ažulaukė,Antradienis,"13 d., 27 d.","10 d., 24 d.","10 d., 24 d.","7 d., 21 d.","5 d., 19 d.","2 d., 16 d., 30 d."
Riešės,Baltalaukis,Penktadienis,"2 d., 16 d., 30 d.","13 d., 27 d.","13 d., 27 d.","10 d., 24 d.","8 d., 22 d.","5 d., 19 d."
Riešės,Bielazariškės,Pirmadienis,"12 d., 26 d.","9 d., 23 d.","9 d., 23 d.","6 d., 20 d.","4 d., 18 d.","1 d., 15 d., 29 d."
Riešės,Bratoniškės,Antradienis,"13 d., 27 d.","10 d., 24 d.","10 d., 24 d.","7 d., 21 d.","5 d., 19 d.","2 d., 16 d., 30 d."
Riešės,Čekiškės,Antradienis,"13 d., 27 d.","10 d., 24 d.","10 d., 24 d.","7 d., 21 d.","5 d., 19 d.","2 d., 16 d., 30 d."
Riešės,Čimbariškės,Penktadienis,"9 d., 23 d.","6 d., 20 d.","6 d., 20 d.","3 d., 17 d.","1 d., 15 d., 29 d.","12 d., 26 d."
Riešės,Dambliškės,Antradienis,"13 d., 27 d.","10 d., 24 d.","10 d., 24 d.","7 d., 21 d.","5 d., 19 d.","2 d., 16 d., 30 d."
Riešės,Didieji Gulbinai,Trečiadienis,"7 d., 21 d.","4 d., 18 d.","4 d., 18 d.","1 d., 15 d., 29 d.","13 d., 27 d.","10 d., 24 d."
Riešės,"Didieji Gulbinai ( Pelėdų g., Tilvikų g.)",Penktadienis,"9 d., 23 d.","6 d., 20 d.","6 d., 20 d.","3 d., 17 d.","1 d., 15 d., 29 d.","12 d., 26 d."
Riešės,"Didžioji Riešė (Alyvų g., Ateities g., Kooperatyvų g., Mokyklos g., Molėtų g., Kaštonų g. ( nuo Nr. 1 iki 9 ), Parko g. 2 ,4, 4A, 6, 8 ), Riešės g., Rožių g., Rūtų g., Žalioji g.,( Nr. 19, 23, 25, 27, 29, 31, 33, 35, 37, 39, 41, 43, 50, 54, 56, 58, 60),  Žvėrališkių g.)",Trečiadienis,"14 d., 28 d.","11 d., 25 d.","11 d., 25 d.","8 d., 22 d.","6 d., 20 d.","3 d., 17 d."
Riešės,"Didžioji Riešė (Ąžuolų g., Gegužinės g., Kampinė g.,  Kiparisų g., Lelijų g., Merkurijaus g., Miglės g., Molėtų g.,(nuo Nr. 40 iki 48), Paukščių Tako g., Saturno g., Senoji g., Svajonės g., Vanaginės g., (nuo Nr.1 iki 31A, nuo 2 iki 14B), Veneros g.(nuo Nr. 7)",Penktadienis,"9 d., 23 d.","6 d., 20 d.","6 d., 20 d.","3 d., 17 d.","1 d., 15 d., 29 d.","12 d., 26 d."
Riešės,"Didžioji Riešė (Gėlyno g., Indrajos g., Kaštonų g., (nuo Nr. 10), Lauko g.,  Molėtų g. (nuo Nr. 32A iki 20, 20A, 22 ) Parko g.,(nuo Nr.40 iki 65),  Rasų g., Raudonikių g., Vakarų g., Vanaginės g.,(nuo Nr.103, 103A iki 119, nuo 68,68A,68B iki 80), Verbų g., Vieversių g., Žalioji g., ( nuo Nr. 1 iki Nr. 48 ), Žemoji g., Riešės k., Smilčių g.",Penktadienis,"2 d., 16 d., 30 d.","13 d., 27 d.","13 d., 27 d.","10 d., 24 d.","8 d., 22 d.","5 d., 19 d."
Riešės,"Didžioji Riešė (Akmenų g., Lauko g.,(nuo Nr. 2 iki 20A, nuo 1 iki 19), Lygumų g., Mėtų g., Molėtų g., Molėtų pl. (114, 114A,114B), Parko g., Pavasario g., Samanų g., Snieguolių g., Šiaurinės g., Veneros g. (iki Nr.5), Vanaginės Sodų g., Vanaginės g. (nuo 33A iki 101), ",Trečiadienis,"7 d., 21 d.","4 d., 18 d.","4 d., 18 d.","1 d., 15 d., 29 d.","13 d., 27 d.","10 d., 24 d."
Riešės,Dvariškės,Trečiadienis,"14 d., 28 d.","11 d., 25 d.","11 d., 25 d.","8 d., 22 d.","6 d., 20 d.","3 d., 17 d."
Riešės,Eitminai,Penktadienis,"9 d., 23 d.","6 d., 20 d.","6 d., 20 d.","3 d., 17 d.","1 d., 15 d., 29 d.","12 d., 26 d."
Riešės,Gegliškės,Penktadienis,"2 d., 16 d., 30 d.","13 d., 27 d.","13 d., 27 d.","10 d., 24 d.","8 d., 22 d.","5 d., 19 d."
Riešės,Girialaukis,Nėra objektų,,,,,,
Riešės,Jadvygiškės,Penktadienis,"9 d., 23 d.","6 d., 20 d.","6 d., 20 d.","3 d., 17 d.","1 d., 15 d., 29 d.","12 d., 26 d."
Riešės,"Jadvygiškės (Azalijų g., Kalvų akl., Tilto g.)",Trečiadienis,"14 d., 28 d.","11 d., 25 d.","11 d., 25 d.","8 d., 22 d.","6 d., 20 d.","3 d., 17 d."
Riešės,Joneikiškės,Penktadienis,"9 d., 23 d.","6 d., 20 d.","6 d., 20 d.","3 d., 17 d.","1 d., 15 d., 29 d.","12 d., 26 d."
Riešės,Justiniškės,Pirmadienis,"12 d., 26 d.","9 d., 23 d.","9 d., 23 d.","6 d., 20 d.","4 d., 18 d.","1 d., 15 d., 29 d."
Riešės,Kalinas,Penktadienis,"9 d., 23 d.","6 d., 20 d.","6 d., 20 d.","3 d., 17 d.","1 d., 15 d., 29 d.","12 d., 26 d."
Riešės,Kalniškės,Antradienis,"13 d., 27 d.","10 d., 24 d.","10 d., 24 d.","7 d., 21 d.","5 d., 19 d.","2 d., 16 d., 30 d."
Riešės,Karveliškės,Penktadienis,"2 d., 16 d., 30 d.","13 d., 27 d.","13 d., 27 d.","10 d., 24 d.","8 d., 22 d.","5 d., 19 d."
Riešės,Kermušinė,Antradienis,"13 d., 27 d.","10 d., 24 d.","10 d., 24 d.","7 d., 21 d.","5 d., 19 d.","2 d., 16 d., 30 d."
Riešės,Kermušiškės,Pirmadienis,"12 d., 26 d.","9 d., 23 d.","9 d., 23 d.","6 d., 20 d.","4 d., 18 d.","1 d., 15 d., 29 d."
Riešės,Kuna,Antradienis,"13 d., 27 d.","10 d., 24 d.","10 d., 24 d.","7 d., 21 d.","5 d., 19 d.","2 d., 16 d., 30 d."
Riešės,Liubavas,Antradienis,"13 d., 27 d.","10 d., 24 d.","10 d., 24 d.","7 d., 21 d.","5 d., 19 d.","2 d., 16 d., 30 d."
Riešės,Marijampolis,Nėra objektų,,,,,,
Riešės,Medžiūniškės,Antradienis,"13 d., 27 d.","10 d., 24 d.","10 d., 24 d.","7 d., 21 d.","5 d., 19 d.","2 d., 16 d., 30 d."
Riešės,Mikulionys,Pirmadienis,"12 d., 26 d.","9 d., 23 d.","9 d., 23 d.","6 d., 20 d.","4 d., 18 d.","1 d., 15 d., 29 d."
Riešės,Miškadvaris,Penktadienis,"9 d., 23 d.","6 d., 20 d.","6 d., 20 d.","3 d., 17 d.","1 d., 15 d., 29 d.","12 d., 26 d."
Riešės,Miškiniai,Pirmadienis,"12 d., 26 d.","9 d., 23 d.","9 d., 23 d.","6 d., 20 d.","4 d., 18 d.","1 d., 15 d., 29 d."
Riešės,Naujakiemis,Penktadienis,"9 d., 23 d.","6 d., 20 d.","6 d., 20 d.","3 d., 17 d.","1 d., 15 d., 29 d.","12 d., 26 d."
Riešės,Naujiena,Pirmadienis,"5 d., 19 d.","2 d., 16 d.","2 d., 16 d., 30 d.","13 d., 27 d.","11 d., 25 d.","8 d., 22 d."
Riešės,Nemenčinėlė,Antradienis,"13 d., 27 d.","10 d., 24 d.","10 d., 24 d.","7 d., 21 d.","5 d., 19 d.","2 d., 16 d., 30 d."
Riešės,Paežeriai,Penktadienis,"9 d., 23 d.","6 d., 20 d.","6 d., 20 d.","3 d., 17 d.","1 d., 15 d., 29 d.","12 d., 26 d."
Riešės,Palaukinė,Penktadienis,"2 d., 16 d., 30 d.","13 d., 27 d.","13 d., 27 d.","10 d., 24 d.","8 d., 22 d.","5 d., 19 d."
Riešės,Pamiškiai,Penktadienis,"9 d., 23 d.","6 d., 20 d.","6 d., 20 d.","3 d., 17 d.","1 d., 15 d., 29 d.","12 d., 26 d."
Riešės,Papikeliškės,Penktadienis,"2 d., 16 d., 30 d.","13 d., 27 d.","13 d., 27 d.","10 d., 24 d.","8 d., 22 d.","5 d., 19 d."
Riešės,Paraudondvariai,Penktadienis,"9 d., 23 d.","6 d., 20 d.","6 d., 20 d.","3 d., 17 d.","1 d., 15 d., 29 d.","12 d., 26 d."
Riešės,Paraudondvariai    Vėjų g.,Trečiadienis,"14 d., 28 d.","11 d., 25 d.","11 d., 25 d.","8 d., 22 d.","6 d., 20 d.","3 d., 17 d."
Riešės,"Pašiliai ( Ajerų g., Briedžių g., Eglių g., pačtinės g., Pašilių g. ( nuo 1 iki 27), Sidabražolių g.)",Penktadienis,"9 d., 23 d.","6 d., 20 d.","6 d., 20 d.","3 d., 17 d.","1 d., 15 d., 29 d.","12 d., 26 d."
Riešės,"Pašiliai (Pašilių g. 18, 20,  nuo 31 iki 93)",Penktadienis,"9 d., 23 d.","6 d., 20 d.","6 d., 20 d.","3 d., 17 d.","1 d., 15 d., 29 d.","12 d., 26 d."
Riešės,Petručiai,Pirmadienis,"12 d., 26 d.","9 d., 23 d.","9 d., 23 d.","6 d., 20 d.","4 d., 18 d.","1 d., 15 d., 29 d."
Riešės,Pikeliškės,Ketvirtadienis,"8 d., 22 d.","5 d., 19 d.","5 d., 19 d.","2 d., 16 d., 30 d.","14 d., 28 d.","11 d., 25 d."
Riešės,Pikeliškės S/B Žalesėlis,Antradienis,"13 d., 27 d.","10 d., 24 d.","10 d., 24 d.","7 d., 21 d.","5 d., 19 d.","2 d., 16 d., 30 d."
Riešės,Pranciškonys,Pirmadienis,"5 d., 19 d.","2 d., 16 d.","2 d., 16 d., 30 d.","13 d., 27 d.","11 d., 25 d.","8 d., 22 d."
Riešės,Purnuškės,Pirmadienis,"5 d., 19 d.","2 d., 16 d.","2 d., 16 d., 30 d.","13 d., 27 d.","11 d., 25 d.","8 d., 22 d."
Riešės,Raudonbalė,Penktadienis,"9 d., 23 d.","6 d., 20 d.","6 d., 20 d.","3 d., 17 d.","1 d., 15 d., 29 d.","12 d., 26 d."
Riešės,Raudondvaris,Penktadienis,"9 d., 23 d.","6 d., 20 d.","6 d., 20 d.","3 d., 17 d.","1 d., 15 d., 29 d.","12 d., 26 d."
Riešės,Ryliškės,Penktadienis,"9 d., 23 d.","6 d., 20 d.","6 d., 20 d.","3 d., 17 d.","1 d., 15 d., 29 d.","12 d., 26 d."
Riešės,Skapiškis,Antradienis,"13 d., 27 d.","10 d., 24 d.","10 d., 24 d.","7 d., 21 d.","5 d., 19 d.","2 d., 16 d., 30 d."
Riešės,Skateliai,Antradienis,"13 d., 27 d.","10 d., 24 d.","10 d., 24 d.","7 d., 21 d.","5 d., 19 d.","2 d., 16 d., 30 d."
Riešės,Skirgiškės,Penktadienis,"9 d., 23 d.","6 d., 20 d.","6 d., 20 d.","3 d., 17 d.","1 d., 15 d., 29 d.","12 d., 26 d."
Riešės,Skirgiškių k. S/B Komprojektas-1,Penktadienis,"9 d., 23 d.","6 d., 20 d.","6 d., 20 d.","3 d., 17 d.","1 d., 15 d., 29 d.","12 d., 26 d."
Riešės,Skirgiškių k. S/B Linas,Penktadienis,"9 d., 23 d.","6 d., 20 d.","6 d., 20 d.","3 d., 17 d.","1 d., 15 d., 29 d.","12 d., 26 d."
Riešės,Skirgiškių k. S/B Rūta,Penktadienis,"9 d., 23 d.","6 d., 20 d.","6 d., 20 d.","3 d., 17 d.","1 d., 15 d., 29 d.","12 d., 26 d."
Riešės,Skirgiškių k. S/B Žalesa,Penktadienis,"9 d., 23 d.","6 d., 20 d.","6 d., 20 d.","3 d., 17 d.","1 d., 15 d., 29 d.","12 d., 26 d."
Riešės,Skridai,Penktadienis,"9 d., 23 d.","6 d., 20 d.","6 d., 20 d.","3 d., 17 d.","1 d., 15 d., 29 d.","12 d., 26 d."
Riešės,Stadališkės,Penktadienis,"9 d., 23 d.","6 d., 20 d.","6 d., 20 d.","3 d., 17 d.","1 d., 15 d., 29 d.","12 d., 26 d."
Riešės,Šaltoniškės,Pirmadienis,"12 d., 26 d.","9 d., 23 d.","9 d., 23 d.","6 d., 20 d.","4 d., 18 d.","1 d., 15 d., 29 d."
Riešės,Tarpežerė,Pirmadienis,"12 d., 26 d.","9 d., 23 d.","9 d., 23 d.","6 d., 20 d.","4 d., 18 d.","1 d., 15 d., 29 d."
Riešės,Tarpučiai,Pirmadienis,"5 d., 19 d.","2 d., 16 d.","2 d., 16 d., 30 d.","13 d., 27 d.","11 d., 25 d.","8 d., 22 d."
Riešės,Tekliūnai,Penktadienis,"9 d., 23 d.","6 d., 20 d.","6 d., 20 d.","3 d., 17 d.","1 d., 15 d., 29 d.","12 d., 26 d."
Riešės,Užuežerė,Pirmadienis,"12 d., 26 d.","9 d., 23 d.","9 d., 23 d.","6 d., 20 d.","4 d., 18 d.","1 d., 15 d., 29 d."
Riešės,Užugriovis,Penktadienis,"9 d., 23 d.","6 d., 20 d.","6 d., 20 d.","3 d., 17 d.","1 d., 15 d., 29 d.","12 d., 26 d."
Riešės,Vabališkės,Pirmadienis,"12 d., 26 d.","9 d., 23 d.","9 d., 23 d.","6 d., 20 d.","4 d., 18 d.","1 d., 15 d., 29 d."
Riešės,Varniškės,Penktadienis,"2 d., 16 d., 30 d.","13 d., 27 d.","13 d., 27 d.","10 d., 24 d.","8 d., 22 d.","5 d., 19 d."
Riešės,Varniškės (Kalnų g.),Antradienis,"13 d., 27 d.","10 d., 24 d.","10 d., 24 d.","7 d., 21 d.","5 d., 19 d.","2 d., 16 d., 30 d."
Riešės,Verbiškės,Pirmadienis,"12 d., 26 d.","9 d., 23 d.","9 d., 23 d.","6 d., 20 d.","4 d., 18 d.","1 d., 15 d., 29 d."
Riešės,Vladiškės,Penktadienis,"9 d., 23 d.","6 d., 20 d.","6 d., 20 d.","3 d., 17 d.","1 d., 15 d., 29 d.","12 d., 26 d."
Riešės,Žalesa,Antradienis,"13 d., 27 d.","10 d., 24 d.","10 d., 24 d.","7 d., 21 d.","5 d., 19 d.","2 d., 16 d., 30 d."
Riešės,Žudiškės,Penktadienis,"9 d., 23 d.","6 d., 20 d.","6 d., 20 d.","3 d., 17 d.","1 d., 15 d., 29 d.","12 d., 26 d."
Sudervės,Beržiškės,Ketvirtadienis,"8 d., 22 d.","5 d., 19 d.","5 d., 19 d.","2 d., 16 d., 30 d.","14 d., 28 d.","11 d., 25 d."
Sudervės,Bubos,Ketvirtadienis,"8 d., 22 d.","5 d., 19 d.","5 d., 19 d.","2 d., 16 d., 30 d.","14 d., 28 d.","11 d., 25 d."
Sudervės,Buiniškės,Pirmadienis,"5 d., 19 d.","2 d., 16 d.","2 d., 16 d., 30 d.","13 d., 27 d.","11 d., 25 d.","8 d., 22 d."
Sudervės,Dambriškės,Penktadienis,"2 d., 16 d., 30 d.","13 d., 27 d.","13 d., 27 d.","10 d., 24 d.","8 d., 22 d.","5 d., 19 d."
Sudervės,Elniakampis,Trečiadienis,"7 d., 21 d.","4 d., 18 d.","4 d., 18 d.","1 d., 15 d., 29 d.","13 d., 27 d.","10 d., 24 d."
Sudervės,Geležiai,Ketvirtadienis,"8 d., 22 d.","5 d., 19 d.","5 d., 19 d.","2 d., 16 d., 30 d.","14 d., 28 d.","11 d., 25 d."
Sudervės,Geležių Antakalniai,Penktadienis,"2 d., 16 d., 30 d.","13 d., 27 d.","13 d., 27 d.","10 d., 24 d.","8 d., 22 d.","5 d., 19 d."
Sudervės,Grikieniai,Antradienis,"6 d., 20 d.","3 d., 17 d.","3 d., 17 d., 31 d.","14 d., 28 d.","12 d., 26 d.","9 d., 23 d."
Sudervės,Izabelinė,Antradienis,"6 d., 20 d.","3 d., 17 d.","3 d., 17 d., 31 d.","14 d., 28 d.","12 d., 26 d.","9 d., 23 d."
Sudervės,Jurkiškės,Penktadienis,"2 d., 16 d., 30 d.","13 d., 27 d.","13 d., 27 d.","10 d., 24 d.","8 d., 22 d.","5 d., 19 d."
Sudervės,Kasmiškės,Ketvirtadienis,"8 d., 22 d.","5 d., 19 d.","5 d., 19 d.","2 d., 16 d., 30 d.","14 d., 28 d.","11 d., 25 d."
Sudervės,Klevinai,Penktadienis,"2 d., 16 d., 30 d.","13 d., 27 d.","13 d., 27 d.","10 d., 24 d.","8 d., 22 d.","5 d., 19 d."
Sudervės,Lauryniškės,Antradienis,"6 d., 20 d.","3 d., 17 d.","3 d., 17 d., 31 d.","14 d., 28 d.","12 d., 26 d.","9 d., 23 d."
Sudervės,Mikališkės,Ketvirtadienis,"8 d., 22 d.","5 d., 19 d.","5 d., 19 d.","2 d., 16 d., 30 d.","14 d., 28 d.","11 d., 25 d."
Sudervės,Minčiškės,Antradienis,"6 d., 20 d.","3 d., 17 d.","3 d., 17 d., 31 d.","14 d., 28 d.","12 d., 26 d.","9 d., 23 d."
Sudervės,Pakonys,Ketvirtadienis,"8 d., 22 d.","5 d., 19 d.","5 d., 19 d.","2 d., 16 d., 30 d.","14 d., 28 d.","11 d., 25 d."
Sudervės,Padvariai,Ketvirtadienis,"8 d., 22 d.","5 d., 19 d.","5 d., 19 d.","2 d., 16 d., 30 d.","14 d., 28 d.","11 d., 25 d."
Sudervės,Purviškės,Penktadienis,"2 d., 16 d., 30 d.","13 d., 27 d.","13 d., 27 d.","10 d., 24 d.","8 d., 22 d.","5 d., 19 d."
Sudervės,Putiniškės,Ketvirtadienis,"8 d., 22 d.","5 d., 19 d.","5 d., 19 d.","2 d., 16 d., 30 d.","14 d., 28 d.","11 d., 25 d."
Sudervės,Pylimai,Ketvirtadienis,"8 d., 22 d.","5 d., 19 d.","5 d., 19 d.","2 d., 16 d., 30 d.","14 d., 28 d.","11 d., 25 d."
Sudervės,Rastinėnai,Ketvirtadienis,"8 d., 22 d.","5 d., 19 d.","5 d., 19 d.","2 d., 16 d., 30 d.","14 d., 28 d.","11 d., 25 d."
Sudervės,Riešė,Ketvirtadienis,"8 d., 22 d.","5 d., 19 d.","5 d., 19 d.","2 d., 16 d., 30 d.","14 d., 28 d.","11 d., 25 d."
Sudervės,Sidaronys,Ketvirtadienis,"8 d., 22 d.","5 d., 19 d.","5 d., 19 d.","2 d., 16 d., 30 d.","14 d., 28 d.","11 d., 25 d."
Sudervės,Sudervė,Pirmadienis,"12 d., 26 d.","9 d., 23 d.","9 d., 23 d.","6 d., 20 d.","4 d., 18 d.","1 d., 15 d., 29 d."
Sudervės,Šiurmonys,Ketvirtadienis,"8 d., 22 d.","5 d., 19 d.","5 d., 19 d.","2 d., 16 d., 30 d.","14 d., 28 d.","11 d., 25 d."
Sudervės,Užuežerė,Pirmadienis,"12 d., 26 d.","9 d., 23 d.","9 d., 23 d.","6 d., 20 d.","4 d., 18 d.","1 d., 15 d., 29 d."
Sudervės,Užulaukis,Antradienis,"6 d., 20 d.","3 d., 17 d.","3 d., 17 d., 31 d.","14 d., 28 d.","12 d., 26 d.","9 d., 23 d."
Sudervės,Vabaliai,Antradienis,"6 d., 20 d.","3 d., 17 d.","3 d., 17 d., 31 d.","14 d., 28 d.","12 d., 26 d.","9 d., 23 d."
Sudervės,Vaigeliškės,Penktadienis,"2 d., 16 d., 30 d.","13 d., 27 d.","13 d., 27 d.","10 d., 24 d.","8 d., 22 d.","5 d., 19 d."
Sudervės,Vydautiškės,Pirmadienis,"12 d., 26 d.","9 d., 23 d.","9 d., 23 d.","6 d., 20 d.","4 d., 18 d.","1 d., 15 d., 29 d."
Sudervės,Žemaguliai,Penktadienis,"2 d., 16 d., 30 d.","13 d., 27 d.","13 d., 27 d.","10 d., 24 d.","8 d., 22 d.","5 d., 19 d."
Sužionys,Aleksandriškės,Antradienis,"6 d., 20 d.","3 d., 17 d.","3 d., 17 d., 31 d.","14 d., 28 d.","12 d., 26 d.","9 d., 23 d."
Sužionys,Ankšta,Antradienis,"6 d., 20 d.","3 d., 17 d.","3 d., 17 d., 31 d.","14 d., 28 d.","12 d., 26 d.","9 d., 23 d."
Sužionys,Baronai,Antradienis,"6 d., 20 d.","3 d., 17 d.","3 d., 17 d., 31 d.","14 d., 28 d.","12 d., 26 d.","9 d., 23 d."
Sužionys,Barzdžiūnai,Antradienis,"6 d., 20 d.","3 d., 17 d.","3 d., 17 d., 31 d.","14 d., 28 d.","12 d., 26 d.","9 d., 23 d."
Sužionys,Batviniškės,Antradienis,"6 d., 20 d.","3 d., 17 d.","3 d., 17 d., 31 d.","14 d., 28 d.","12 d., 26 d.","9 d., 23 d."
Sužionys,Bieliškės,Antradienis,"13 d., 27 d.","10 d., 24 d.","10 d., 24 d.","7 d., 21 d.","5 d., 19 d.","2 d., 16 d., 30 d."
Sužionys,Bildūnai,Antradienis,"6 d., 20 d.","3 d., 17 d.","3 d., 17 d., 31 d.","14 d., 28 d.","12 d., 26 d.","9 d., 23 d."
Sužionys,Bitinai,Antradienis,"13 d., 27 d.","10 d., 24 d.","10 d., 24 d.","7 d., 21 d.","5 d., 19 d.","2 d., 16 d., 30 d."
Sužionys,Blusinė,Antradienis,"13 d., 27 d.","10 d., 24 d.","10 d., 24 d.","7 d., 21 d.","5 d., 19 d.","2 d., 16 d., 30 d."
Sužionys,Čižiškės,Antradienis,"13 d., 27 d.","10 d., 24 d.","10 d., 24 d.","7 d., 21 d.","5 d., 19 d.","2 d., 16 d., 30 d."
Sužionys,Čubelė,Antradienis,"6 d., 20 d.","3 d., 17 d.","3 d., 17 d., 31 d.","14 d., 28 d.","12 d., 26 d.","9 d., 23 d."
Sužionys,Danilava,Antradienis,"13 d., 27 d.","10 d., 24 d.","10 d., 24 d.","7 d., 21 d.","5 d., 19 d.","2 d., 16 d., 30 d."
Sužionys,Daukšiai,Antradienis,"13 d., 27 d.","10 d., 24 d.","10 d., 24 d.","7 d., 21 d.","5 d., 19 d.","2 d., 16 d., 30 d."
Sužionys,Dumblė,Antradienis,"6 d., 20 d.","3 d., 17 d.","3 d., 17 d., 31 d.","14 d., 28 d.","12 d., 26 d.","9 d., 23 d."
Sužionys,Dvailiniai,Antradienis,"6 d., 20 d.","3 d., 17 d.","3 d., 17 d., 31 d.","14 d., 28 d.","12 d., 26 d.","9 d., 23 d."
Sužionys,Dvyliškis,Antradienis,"6 d., 20 d.","3 d., 17 d.","3 d., 17 d., 31 d.","14 d., 28 d.","12 d., 26 d.","9 d., 23 d."
Sužionys,Greičiūniškės,Antradienis,"6 d., 20 d.","3 d., 17 d.","3 d., 17 d., 31 d.","14 d., 28 d.","12 d., 26 d.","9 d., 23 d."
Sužionys,Griciūnai,Antradienis,"13 d., 27 d.","10 d., 24 d.","10 d., 24 d.","7 d., 21 d.","5 d., 19 d.","2 d., 16 d., 30 d."
Sužionys,Grybėnai,Antradienis,"13 d., 27 d.","10 d., 24 d.","10 d., 24 d.","7 d., 21 d.","5 d., 19 d.","2 d., 16 d., 30 d."
Sužionys,Jaučiavariai,Antradienis,"6 d., 20 d.","3 d., 17 d.","3 d., 17 d., 31 d.","14 d., 28 d.","12 d., 26 d.","9 d., 23 d."
Sužionys,Jokūbiškės,Antradienis,"13 d., 27 d.","10 d., 24 d.","10 d., 24 d.","7 d., 21 d.","5 d., 19 d.","2 d., 16 d., 30 d."
Sužionys,Jonėnai,Antradienis,"6 d., 20 d.","3 d., 17 d.","3 d., 17 d., 31 d.","14 d., 28 d.","12 d., 26 d.","9 d., 23 d."
Sužionys,Kaidonėliai,Antradienis,"6 d., 20 d.","3 d., 17 d.","3 d., 17 d., 31 d.","14 d., 28 d.","12 d., 26 d.","9 d., 23 d."
Sužionys,Kalniškės,Antradienis,"6 d., 20 d.","3 d., 17 d.","3 d., 17 d., 31 d.","14 d., 28 d.","12 d., 26 d.","9 d., 23 d."
Sužionys,Kamšiškės,Antradienis,"13 d., 27 d.","10 d., 24 d.","10 d., 24 d.","7 d., 21 d.","5 d., 19 d.","2 d., 16 d., 30 d."
Sužionys,Karneliškės,Antradienis,"6 d., 20 d.","3 d., 17 d.","3 d., 17 d., 31 d.","14 d., 28 d.","12 d., 26 d.","9 d., 23 d."
Sužionys,Kregžlė,Antradienis,"13 d., 27 d.","10 d., 24 d.","10 d., 24 d.","7 d., 21 d.","5 d., 19 d.","2 d., 16 d., 30 d."
Sužionys,Kreiviai,Antradienis,"6 d., 20 d.","3 d., 17 d.","3 d., 17 d., 31 d.","14 d., 28 d.","12 d., 26 d.","9 d., 23 d."
Sužionys,Lapeikiai,Antradienis,"13 d., 27 d.","10 d., 24 d.","10 d., 24 d.","7 d., 21 d.","5 d., 19 d.","2 d., 16 d., 30 d."
Sužionys,Lasūniškės,Antradienis,"6 d., 20 d.","3 d., 17 d.","3 d., 17 d., 31 d.","14 d., 28 d.","12 d., 26 d.","9 d., 23 d."
Sužionys,Levonys,Antradienis,"6 d., 20 d.","3 d., 17 d.","3 d., 17 d., 31 d.","14 d., 28 d.","12 d., 26 d.","9 d., 23 d."
Sužionys,Lukštynė,Antradienis,"6 d., 20 d.","3 d., 17 d.","3 d., 17 d., 31 d.","14 d., 28 d.","12 d., 26 d.","9 d., 23 d."
Sužionys,Maciūnai,Antradienis,"13 d., 27 d.","10 d., 24 d.","10 d., 24 d.","7 d., 21 d.","5 d., 19 d.","2 d., 16 d., 30 d."
Sužionys,Minkeliai,Antradienis,"6 d., 20 d.","3 d., 17 d.","3 d., 17 d., 31 d.","14 d., 28 d.","12 d., 26 d.","9 d., 23 d."
Sužionys,Mūrinė,Antradienis,"13 d., 27 d.","10 d., 24 d.","10 d., 24 d.","7 d., 21 d.","5 d., 19 d.","2 d., 16 d., 30 d."
Sužionys,Našiūnai,Antradienis,"6 d., 20 d.","3 d., 17 d.","3 d., 17 d., 31 d.","14 d., 28 d.","12 d., 26 d.","9 d., 23 d."
Sužionys,Noragienė,Antradienis,"13 d., 27 d.","10 d., 24 d.","10 d., 24 d.","7 d., 21 d.","5 d., 19 d.","2 d., 16 d., 30 d."
Sužionys,Padubiai,Antradienis,"6 d., 20 d.","3 d., 17 d.","3 d., 17 d., 31 d.","14 d., 28 d.","12 d., 26 d.","9 d., 23 d."
Sužionys,Pajuodupis,Antradienis,"13 d., 27 d.","10 d., 24 d.","10 d., 24 d.","7 d., 21 d.","5 d., 19 d.","2 d., 16 d., 30 d."
Sužionys,Pajusinė,Antradienis,"6 d., 20 d.","3 d., 17 d.","3 d., 17 d., 31 d.","14 d., 28 d.","12 d., 26 d.","9 d., 23 d."
Sužionys,Pakirniukai,Antradienis,"13 d., 27 d.","10 d., 24 d.","10 d., 24 d.","7 d., 21 d.","5 d., 19 d.","2 d., 16 d., 30 d."
Sužionys,Pakryžė,Antradienis,"6 d., 20 d.","3 d., 17 d.","3 d., 17 d., 31 d.","14 d., 28 d.","12 d., 26 d.","9 d., 23 d."
Sužionys,Paraisčiai,Antradienis,"13 d., 27 d.","10 d., 24 d.","10 d., 24 d.","7 d., 21 d.","5 d., 19 d.","2 d., 16 d., 30 d."
Sužionys,Pašongalis,Antradienis,"13 d., 27 d.","10 d., 24 d.","10 d., 24 d.","7 d., 21 d.","5 d., 19 d.","2 d., 16 d., 30 d."
Sužionys,Pauliukonys,Antradienis,"6 d., 20 d.","3 d., 17 d.","3 d., 17 d., 31 d.","14 d., 28 d.","12 d., 26 d.","9 d., 23 d."
Sužionys,Pazaliesė,Antradienis,"6 d., 20 d.","3 d., 17 d.","3 d., 17 d., 31 d.","14 d., 28 d.","12 d., 26 d.","9 d., 23 d."
Sužionys,Pečiūros,Antradienis,"6 d., 20 d.","3 d., 17 d.","3 d., 17 d., 31 d.","14 d., 28 d.","12 d., 26 d.","9 d., 23 d."
Sužionys,Petravas,Antradienis,"13 d., 27 d.","10 d., 24 d.","10 d., 24 d.","7 d., 21 d.","5 d., 19 d.","2 d., 16 d., 30 d."
Sužionys,Ponasai,Antradienis,"6 d., 20 d.","3 d., 17 d.","3 d., 17 d., 31 d.","14 d., 28 d.","12 d., 26 d.","9 d., 23 d."
Sužionys,Puziriškės,Antradienis,"6 d., 20 d.","3 d., 17 d.","3 d., 17 d., 31 d.","14 d., 28 d.","12 d., 26 d.","9 d., 23 d."
Sužionys,Raisteliai,Antradienis,"6 d., 20 d.","3 d., 17 d.","3 d., 17 d., 31 d.","14 d., 28 d.","12 d., 26 d.","9 d., 23 d."
Sužionys,Rakšonys,Antradienis,"6 d., 20 d.","3 d., 17 d.","3 d., 17 d., 31 d.","14 d., 28 d.","12 d., 26 d.","9 d., 23 d."
Sužionys,Reišeliškės,Antradienis,"6 d., 20 d.","3 d., 17 d.","3 d., 17 d., 31 d.","14 d., 28 d.","12 d., 26 d.","9 d., 23 d."
Sužionys,Rimšiškės,Antradienis,"6 d., 20 d.","3 d., 17 d.","3 d., 17 d., 31 d.","14 d., 28 d.","12 d., 26 d.","9 d., 23 d."
Sužionys,Sapiegiškės,Antradienis,"6 d., 20 d.","3 d., 17 d.","3 d., 17 d., 31 d.","14 d., 28 d.","12 d., 26 d.","9 d., 23 d."
Sužionys,Siaurukai,Antradienis,"6 d., 20 d.","3 d., 17 d.","3 d., 17 d., 31 d.","14 d., 28 d.","12 d., 26 d.","9 d., 23 d."
Sužionys,Skindarikės,Antradienis,"6 d., 20 d.","3 d., 17 d.","3 d., 17 d., 31 d.","14 d., 28 d.","12 d., 26 d.","9 d., 23 d."
Sužionys,Skirlenai,Antradienis,"13 d., 27 d.","10 d., 24 d.","10 d., 24 d.","7 d., 21 d.","5 d., 19 d.","2 d., 16 d., 30 d."
Sužionys,Sniegiai,Antradienis,"6 d., 20 d.","3 d., 17 d.","3 d., 17 d., 31 d.","14 d., 28 d.","12 d., 26 d.","9 d., 23 d."
Sužionys,Stagaliai,Antradienis,"13 d., 27 d.","10 d., 24 d.","10 d., 24 d.","7 d., 21 d.","5 d., 19 d.","2 d., 16 d., 30 d."
Sužionys,Stakariškės,Antradienis,"6 d., 20 d.","3 d., 17 d.","3 d., 17 d., 31 d.","14 d., 28 d.","12 d., 26 d.","9 d., 23 d."
Sužionys,Stakinės,Antradienis,"6 d., 20 d.","3 d., 17 d.","3 d., 17 d., 31 d.","14 d., 28 d.","12 d., 26 d.","9 d., 23 d."
Sužionys,Stankai,Antradienis,"6 d., 20 d.","3 d., 17 d.","3 d., 17 d., 31 d.","14 d., 28 d.","12 d., 26 d.","9 d., 23 d."
Sužionys,Sužionys,Antradienis,"6 d., 20 d.","3 d., 17 d.","3 d., 17 d., 31 d.","14 d., 28 d.","12 d., 26 d.","9 d., 23 d."
Sužionys,Šarkiškės,Antradienis,"13 d., 27 d.","10 d., 24 d.","10 d., 24 d.","7 d., 21 d.","5 d., 19 d.","2 d., 16 d., 30 d."
Sužionys,Šešelgiškės,Antradienis,"6 d., 20 d.","3 d., 17 d.","3 d., 17 d., 31 d.","14 d., 28 d.","12 d., 26 d.","9 d., 23 d."
Sužionys,Tarakonys,Antradienis,"13 d., 27 d.","10 d., 24 d.","10 d., 24 d.","7 d., 21 d.","5 d., 19 d.","2 d., 16 d., 30 d."
Sužionys,Totorėnai,Antradienis,"13 d., 27 d.","10 d., 24 d.","10 d., 24 d.","7 d., 21 d.","5 d., 19 d.","2 d., 16 d., 30 d."
Sužionys,Troškūnai,Antradienis,"13 d., 27 d.","10 d., 24 d.","10 d., 24 d.","7 d., 21 d.","5 d., 19 d.","2 d., 16 d., 30 d."
Sužionys,Unguriškės,Antradienis,"6 d., 20 d.","3 d., 17 d.","3 d., 17 d., 31 d.","14 d., 28 d.","12 d., 26 d.","9 d., 23 d."
Sužionys,Vaivadiškiai,Antradienis,"13 d., 27 d.","10 d., 24 d.","10 d., 24 d.","7 d., 21 d.","5 d., 19 d.","2 d., 16 d., 30 d."
Sužionys,Valasaniškės,Antradienis,"13 d., 27 d.","10 d., 24 d.","10 d., 24 d.","7 d., 21 d.","5 d., 19 d.","2 d., 16 d., 30 d."
Sužionys,Vėgėlynė,Antradienis,"13 d., 27 d.","10 d., 24 d.","10 d., 24 d.","7 d., 21 d.","5 d., 19 d.","2 d., 16 d., 30 d."
Sužionys,Vėgėlynė Vėgėlinės g. 9,Antradienis,"13 d., 27 d.","10 d., 24 d.","10 d., 24 d.","7 d., 21 d.","5 d., 19 d.","2 d., 16 d., 30 d."
Sužionys,Veriškės,Antradienis,"13 d., 27 d.","10 d., 24 d.","10 d., 24 d.","7 d., 21 d.","5 d., 19 d.","2 d., 16 d., 30 d."
Sužionys,Vilkinė,Antradienis,"6 d., 20 d.","3 d., 17 d.","3 d., 17 d., 31 d.","14 d., 28 d.","12 d., 26 d.","9 d., 23 d."
Sužionys,Vitašiai,Antradienis,"13 d., 27 d.","10 d., 24 d.","10 d., 24 d.","7 d., 21 d.","5 d., 19 d.","2 d., 16 d., 30 d."
Sužionys,Vyžukalnis,Antradienis,"6 d., 20 d.","3 d., 17 d.","3 d., 17 d., 31 d.","14 d., 28 d.","12 d., 26 d.","9 d., 23 d."
Sužionys,Žingiai,Antradienis,"13 d., 27 d.","10 d., 24 d.","10 d., 24 d.","7 d., 21 d.","5 d., 19 d.","2 d., 16 d., 30 d."
Zujūnų,Antežeriai,Pirmadienis,"12 d., 26 d.","9 d., 23 d.","9 d., 23 d.","6 d., 20 d.","4 d., 18 d.","1 d., 15 d., 29 d."
Zujūnų,Augustai,Penktadienis,"9 d., 23 d.","6 d., 20 d.","6 d., 20 d.","3 d., 17 d.","1 d., 15 d., 29 d.","12 d., 26 d."
Zujūnų,Bagdoniškės,Penktadienis,"2 d., 16 d., 30 d.","13 d., 27 d.","13 d., 27 d.","10 d., 24 d.","8 d., 22 d.","5 d., 19 d."
Zujūnų,Balandiškės,Pirmadienis,"5 d., 19 d.","2 d., 16 d.","2 d., 16 d., 30 d.","13 d., 27 d.","11 d., 25 d.","8 d., 22 d."
Zujūnų,Bieliūnai,Antradienis,"6 d., 20 d.","3 d., 17 d.","3 d., 17 d., 31 d.","14 d., 28 d.","12 d., 26 d.","9 d., 23 d."
Zujūnų,"Buivydiškės (Ąžuolų g., Dvaro g., Buivydiškių g., Beržų g., J.Bulhako g.,Klinikų g., Notangų g., Karšuvos g., Pamedės g., Parko g., Sodų Kalno g., Skalvių g., Sodų g., Sūduvių g., Tvenkinių g.,)",Pirmadienis,"12 d., 26 d.","9 d., 23 d.","9 d., 23 d.","6 d., 20 d.","4 d., 18 d.","1 d., 15 d., 29 d."
Zujūnų,"Buivydiškės ( Bartų g., Galindų g., Mėguvos g., Nadruvos g., Pasakų g.,  Sembų g., Strazdų g., Tijūnų g., Viktorijos g.)",Pirmadienis,"5 d., 19 d.","2 d., 16 d.","2 d., 16 d., 30 d.","13 d., 27 d.","11 d., 25 d.","8 d., 22 d."
Zujūnų,Čekoniškės,Penktadienis,"9 d., 23 d.","6 d., 20 d.","6 d., 20 d.","3 d., 17 d.","1 d., 15 d., 29 d.","12 d., 26 d."
Zujūnų,Dvarykščiai,Trečiadienis,"7 d., 21 d.","4 d., 18 d.","4 d., 18 d.","1 d., 15 d., 29 d.","13 d., 27 d.","10 d., 24 d."
Zujūnų,Geležiai,Pirmadienis,"5 d., 19 d.","2 d., 16 d.","2 d., 16 d., 30 d.","13 d., 27 d.","11 d., 25 d.","8 d., 22 d."
Zujūnų,Gineitiškės,Pirmadienis,"5 d., 19 d.","2 d., 16 d.","2 d., 16 d., 30 d.","13 d., 27 d.","11 d., 25 d.","8 d., 22 d."
Zujūnų,Gineitiškės Gineitiškių g. nuo Nr. 32 iki 57,Pirmadienis,"12 d., 26 d.","9 d., 23 d.","9 d., 23 d.","6 d., 20 d.","4 d., 18 d.","1 d., 15 d., 29 d."
Zujūnų,Giruliai,Antradienis,"6 d., 20 d.","3 d., 17 d.","3 d., 17 d., 31 d.","14 d., 28 d.","12 d., 26 d.","9 d., 23 d."
Zujūnų,Grioviai,Trečiadienis,"7 d., 21 d.","4 d., 18 d.","4 d., 18 d.","1 d., 15 d., 29 d.","13 d., 27 d.","10 d., 24 d."
Zujūnų,Gudeliai,Antradienis,"6 d., 20 d.","3 d., 17 d.","3 d., 17 d., 31 d.","14 d., 28 d.","12 d., 26 d.","9 d., 23 d."
Zujūnų,Karveliškės,Penktadienis,"9 d., 23 d.","6 d., 20 d.","6 d., 20 d.","3 d., 17 d.","1 d., 15 d., 29 d.","12 d., 26 d."
Zujūnų,Koplyčninkai,Antradienis,"6 d., 20 d.","3 d., 17 d.","3 d., 17 d., 31 d.","14 d., 28 d.","12 d., 26 d.","9 d., 23 d."
Zujūnų,Kriaučiūnai,Antradienis,"6 d., 20 d.","3 d., 17 d.","3 d., 17 d., 31 d.","14 d., 28 d.","12 d., 26 d.","9 d., 23 d."
Zujūnų,Lapaučiškės,Penktadienis,"9 d., 23 d.","6 d., 20 d.","6 d., 20 d.","3 d., 17 d.","1 d., 15 d., 29 d.","12 d., 26 d."
Zujūnų,Leičiai,Penktadienis,"9 d., 23 d.","6 d., 20 d.","6 d., 20 d.","3 d., 17 d.","1 d., 15 d., 29 d.","12 d., 26 d."
Zujūnų,Maskoliškės,Penktadienis,"9 d., 23 d.","6 d., 20 d.","6 d., 20 d.","3 d., 17 d.","1 d., 15 d., 29 d.","12 d., 26 d."
Zujūnų,Maskoliškės (Palaimos g.),Pirmadienis,"5 d., 19 d.","2 d., 16 d.","2 d., 16 d., 30 d.","13 d., 27 d.","11 d., 25 d.","8 d., 22 d."
Zujūnų,Medviediškės,Penktadienis,"9 d., 23 d.","6 d., 20 d.","6 d., 20 d.","3 d., 17 d.","1 d., 15 d., 29 d.","12 d., 26 d."
Zujūnų,Medžiakalnis,Penktadienis,"2 d., 16 d., 30 d.","13 d., 27 d.","13 d., 27 d.","10 d., 24 d.","8 d., 22 d.","5 d., 19 d."
Zujūnų,Mozūriškės,Penktadienis,"2 d., 16 d., 30 d.","13 d., 27 d.","13 d., 27 d.","10 d., 24 d.","8 d., 22 d.","5 d., 19 d."
Zujūnų,Naujakiemis,Antradienis,"6 d., 20 d.","3 d., 17 d.","3 d., 17 d., 31 d.","14 d., 28 d.","12 d., 26 d.","9 d., 23 d."
Zujūnų,Naujoji,Penktadienis,"2 d., 16 d., 30 d.","13 d., 27 d.","13 d., 27 d.","10 d., 24 d.","8 d., 22 d.","5 d., 19 d."
Zujūnų,Naujoji Rėva,Penktadienis,"2 d., 16 d., 30 d.","13 d., 27 d.","13 d., 27 d.","10 d., 24 d.","8 d., 22 d.","5 d., 19 d."
Zujūnų,"Papiškės ( Akacijų tak., Balandžių g., Dagilių g., Draugų g.,  Gandrų g., Jaunystės g., Medžiakalnių g.,  Kaimynų g., Kikilių g., Papiškių g.,  Pelėdų g., Skatulės g., Sukūrio g., Trumpoji g., Žebronių g.)",Antradienis,"6 d., 20 d.","3 d., 17 d.","3 d., 17 d., 31 d.","14 d., 28 d.","12 d., 26 d.","9 d., 23 d."
Zujūnų,"Papiškės (  Eglių g., Kranto al.)",Trečiadienis,"7 d., 21 d.","4 d., 18 d.","4 d., 18 d.","1 d., 15 d., 29 d.","13 d., 27 d.","10 d., 24 d."
Zujūnų,"Papiškės ( A. Mickevičiaus g., Saulės g., Rūtų g., Z. Sierakausko g.)",Penktadienis,"2 d., 16 d., 30 d.","13 d., 27 d.","13 d., 27 d.","10 d., 24 d.","8 d., 22 d.","5 d., 19 d."
Zujūnų,Pasieniai (Upės g.),Antradienis,"6 d., 20 d.","3 d., 17 d.","3 d., 17 d., 31 d.","14 d., 28 d.","12 d., 26 d.","9 d., 23 d."
Zujūnų,Pasieniai (Griovių  g.),Trečiadienis,"7 d., 21 d.","4 d., 18 d.","4 d., 18 d.","1 d., 15 d., 29 d.","13 d., 27 d.","10 d., 24 d."
Zujūnų,Pašilaičiai,Pirmadienis,"5 d., 19 d.","2 d., 16 d.","2 d., 16 d., 30 d.","13 d., 27 d.","11 d., 25 d.","8 d., 22 d."
Zujūnų,Pilikonys,Penktadienis,"9 d., 23 d.","6 d., 20 d.","6 d., 20 d.","3 d., 17 d.","1 d., 15 d., 29 d.","12 d., 26 d."
Zujūnų,"Platiniškės (Braškių tak., Drąsos g.,  Giesmių g., Palvininkų g., Poezijos g., Sonetų g., Sėkmės g.)",Antradienis,"6 d., 20 d.","3 d., 17 d.","3 d., 17 d., 31 d.","14 d., 28 d.","12 d., 26 d.","9 d., 23 d."
Zujūnų,"Platiniškės (Džiazo g., Knygnėšių g.,  Muzikos g., Platiniškių g.,Tylos g., Viktoriškių g. )",Trečiadienis,"7 d., 21 d.","4 d., 18 d.","4 d., 18 d.","1 d., 15 d., 29 d.","13 d., 27 d.","10 d., 24 d."
Zujūnų,"Platiniškės (A. Mickevičiaus g., Rūtų g., Saulės g., Žiedų g.)",Penktadienis,"2 d., 16 d., 30 d.","13 d., 27 d.","13 d., 27 d.","10 d., 24 d.","8 d., 22 d.","5 d., 19 d."
Zujūnų,Prapuolai,Penktadienis,"2 d., 16 d., 30 d.","13 d., 27 d.","13 d., 27 d.","10 d., 24 d.","8 d., 22 d.","5 d., 19 d."
Zujūnų,Pūstalaukis,Penktadienis,"9 d., 23 d.","6 d., 20 d.","6 d., 20 d.","3 d., 17 d.","1 d., 15 d., 29 d.","12 d., 26 d."
Zujūnų,Raišiai,Antradienis,"6 d., 20 d.","3 d., 17 d.","3 d., 17 d., 31 d.","14 d., 28 d.","12 d., 26 d.","9 d., 23 d."
Zujūnų,Saidžiai,Penktadienis,"2 d., 16 d., 30 d.","13 d., 27 d.","13 d., 27 d.","10 d., 24 d.","8 d., 22 d.","5 d., 19 d."
Zujūnų,Salotė,Antradienis,"6 d., 20 d.","3 d., 17 d.","3 d., 17 d., 31 d.","14 d., 28 d.","12 d., 26 d.","9 d., 23 d."
Zujūnų,Samanynė,Penktadienis,"2 d., 16 d., 30 d.","13 d., 27 d.","13 d., 27 d.","10 d., 24 d.","8 d., 22 d.","5 d., 19 d."
Zujūnų,Smigliai,Antradienis,"6 d., 20 d.","3 d., 17 d.","3 d., 17 d., 31 d.","14 d., 28 d.","12 d., 26 d.","9 d., 23 d."
Zujūnų,Sviliškės,Penktadienis,"2 d., 16 d., 30 d.","13 d., 27 d.","13 d., 27 d.","10 d., 24 d.","8 d., 22 d.","5 d., 19 d."
Zujūnų,Šilėnai,Penktadienis,"2 d., 16 d., 30 d.","13 d., 27 d.","13 d., 27 d.","10 d., 24 d.","8 d., 22 d.","5 d., 19 d."
Zujūnų,Užlandžiai,Antradienis,"6 d., 20 d.","3 d., 17 d.","3 d., 17 d., 31 d.","14 d., 28 d.","12 d., 26 d.","9 d., 23 d."
Zujūnų,Vaičiūniškės,Antradienis,"6 d., 20 d.","3 d., 17 d.","3 d., 17 d., 31 d.","14 d., 28 d.","12 d., 26 d.","9 d., 23 d."
Zujūnų,Vaivadiškės,Penktadienis,"2 d., 16 d., 30 d.","13 d., 27 d.","13 d., 27 d.","10 d., 24 d.","8 d., 22 d.","5 d., 19 d."
Zujūnų,Vilkeliškės,Trečiadienis,"7 d., 21 d.","4 d., 18 d.","4 d., 18 d.","1 d., 15 d., 29 d.","13 d., 27 d.","10 d., 24 d."
Zujūnų,Virbeliškės,Penktadienis,"2 d., 16 d., 30 d.","13 d., 27 d.","13 d., 27 d.","10 d., 24 d.","8 d., 22 d.","5 d., 19 d."
Zujūnų,Zujūnai,Pirmadienis,"12 d., 26 d.","9 d., 23 d.","9 d., 23 d.","6 d., 20 d.","4 d., 18 d.","1 d., 15 d., 29 d."
,,,,,,,,
  INDIVIDUALIŲ VALDŲ GYVENTOJŲ DĖMESIUI !,,,,,,,,
  Individualūs konteineriai tuštinami nuo 7.00 val.,,,,,,,,
"  Konteineriai tuštinimo dieną iki 7.00 val. turi būti išstumiami ir pastatomi kiek įmanoma arčiau važiuojamosios dalies, kuria     organizuojamas atliekų surinkimo maršrutas.",,,,,,,,
  Dėl techninių gedimų neaptarnautą konteinerį prašome gyventojų palikti jį sekančios dienos rytui.,,,,,,,,
,,,,,,,,
Parengė : J.Semaško tel. +37068527660,,,,,,,,
,,,,,,,,
,,,,,,,,
Mišrių komunalinių atliekų išvežimo grafikais iš daugiabučių namų,,,,,,,,
,,,,,,,,
Seniūnija,Kaimas,Savaitės diena,,,,,,
Avižienių,Avižieniai,"kiekvienas mėnesio pirmadienis, penktadienis",,,,,,
,Bukiškis,"kiekvienas mėnesio pirmadienis, penktadienis",,,,,,
,Riešė,"kiekvienas mėnesio antradienis, penktadienis",,,,,,
,Pikutiškės,kiekvienas mėnesio pirmadienis,,,,,,
,,,,,,,,
Bezdonių,Arvydai,kiekvienas mėnesio trečiadienis,,,,,,
,Ąžuolynė,kiekvienas mėnesio ketvirtadienis,,,,,,
,Bezdonys,kiekvienas mėnesio trečiadienis,,,,,,
,Skersabaliai,kas antras mėnesio trečiadienis,,,,,,
,,,,,,,,
Buivydžių,Buivydžiai I,kas antras mėnesio trečiadienis,,,,,,
,Punžonys,kas antras mėnesio trečiadienis,,,,,,
,,,,,,,,
Maišiagalos,Maišiagala,kiekvienas mėnesio antradienis,,,,,,
,,,,,,,,
Nemenčinės,Nemenčinės m.,"kiekvienas mėnesio pirmadienis, trečiadienis, penktadienis",,,,,,
,,,,,,,,
Nemenčinės,Didžiosios Kabiškės,"kiekvienas mėnesio pirmadienis, penktadienis",,,,,,
,Kreivalaužiai,"kiekvienas mėnesio pirmadienis, trečiadienis, penktadienis",,,,,,
,Nemenčinė II,kiekvienas mėnesio ketvirtadienis,,,,,,
,Pailgė,kiekvienas mėnesio pimadienis,,,,,,
,Raudondvaris,kiekvienas mėnesio pirmadienis,,,,,,
,Rudausiai,kiekvienas mėnesio pirmadienis,,,,,,
,Sirvydiškės,kas antras mėnesio antradienis,,,,,,
,Tuščiauliai,kiekvienas mėnesio penktadienis,,,,,,
,,,,,,,,
Paberžės,Anavilis,kas antras mėnesio antradienis,,,,,,
,Glitiškės,kas antras mėnesio ketvirtadienis,,,,,,
,Lygialaukis,kas antras mėnesio antradienis,,,,,,
,Paberžės,kas antras mėnesio ketvirtadienis,,,,,,
,Visalaukės,kas antras mėnesio antradienis,,,,,,
,,,,,,,,
Riešės,Didžioji Riešė,"kiekvienas mėnesio pirmadienis, trečiadienis",,,,,,
,Pikeliškės,kas antras mėnesio ketvirtadienis,,,,,,
,Raudondvaris,kiekvienas mėnesio trečiadienis,,,,,,
,Užugriovis,kas antras mėnesio trečiadienis,,,,,,
,,,,,,,,
Sužionių,Sužionys,kas antras mėnesio antradienis,,,,,,
,Skirlėnai,kas antras mėnesio antradienis,,,,,,
,Veriškės,kiekvienas mėnesio pirmadienis,,,,,,
,,,,,,,,
Zujūnų,Buivydiškės,"kiekvienas mėnesio pirmadienis, penktadienis",,,,,,